permutation,model,auc
0,logreg,0.4611111111111111
1,logreg,0.4688888888888889
2,logreg,0.4855555555555556
3,logreg,0.55
4,logreg,0.3133333333333333
5,logreg,0.5011111111111111
6,logreg,0.6344444444444446
7,logreg,0.5411111111111111
8,logreg,0.51
9,logreg,0.35666666666666663
10,logreg,0.4955555555555556
11,logreg,0.3611111111111111
12,logreg,0.4222222222222222
13,logreg,0.6177777777777778
14,logreg,0.4577777777777778
15,logreg,0.4355555555555556
16,logreg,0.5911111111111111
17,logreg,0.32
18,logreg,0.4766666666666667
19,logreg,0.67
20,logreg,0.5422222222222223
21,logreg,0.41666666666666663
22,logreg,0.5377777777777778
23,logreg,0.538888888888889
24,logreg,0.3933333333333333
25,logreg,0.48111111111111104
26,logreg,0.6177777777777778
27,logreg,0.6799999999999999
28,logreg,0.4044444444444444
29,logreg,0.42777777777777776
30,logreg,0.45777777777777773
31,logreg,0.32666666666666666
32,logreg,0.36999999999999994
33,logreg,0.4533333333333333
34,logreg,0.47222222222222215
35,logreg,0.5922222222222222
36,logreg,0.45444444444444443
37,logreg,0.6177777777777778
38,logreg,0.25555555555555554
39,logreg,0.5022222222222223
40,logreg,0.29555555555555557
41,logreg,0.42777777777777776
42,logreg,0.5444444444444444
43,logreg,0.41000000000000003
44,logreg,0.37111111111111117
45,logreg,0.5711111111111111
46,logreg,0.6633333333333333
47,logreg,0.62
48,logreg,0.3688888888888889
49,logreg,0.5144444444444444
50,logreg,0.34222222222222215
51,logreg,0.4422222222222222
52,logreg,0.4388888888888889
53,logreg,0.5555555555555556
54,logreg,0.3288888888888889
55,logreg,0.5533333333333333
56,logreg,0.5144444444444445
57,logreg,0.41111111111111115
58,logreg,0.3555555555555555
59,logreg,0.6355555555555555
60,logreg,0.36444444444444446
61,logreg,0.40888888888888886
62,logreg,0.4166666666666667
63,logreg,0.4988888888888889
64,logreg,0.33666666666666667
65,logreg,0.35888888888888887
66,logreg,0.4477777777777778
67,logreg,0.4822222222222222
68,logreg,0.4066666666666667
69,logreg,0.5555555555555556
70,logreg,0.3288888888888889
71,logreg,0.5333333333333333
72,logreg,0.3522222222222222
73,logreg,0.3622222222222222
74,logreg,0.5366666666666667
75,logreg,0.6722222222222223
76,logreg,0.4577777777777778
77,logreg,0.38000000000000006
78,logreg,0.41888888888888887
79,logreg,0.46111111111111114
80,logreg,0.6188888888888889
81,logreg,0.4277777777777778
82,logreg,0.47222222222222227
83,logreg,0.6955555555555556
84,logreg,0.45111111111111113
85,logreg,0.5555555555555556
86,logreg,0.4866666666666667
87,logreg,0.40777777777777774
88,logreg,0.43333333333333335
89,logreg,0.54
90,logreg,0.5755555555555556
91,logreg,0.5033333333333334
92,logreg,0.45666666666666667
93,logreg,0.5066666666666667
94,logreg,0.5533333333333335
95,logreg,0.46888888888888886
96,logreg,0.43777777777777777
97,logreg,0.42333333333333334
98,logreg,0.4333333333333333
99,logreg,0.4355555555555555
100,logreg,0.48777777777777775
101,logreg,0.6922222222222222
102,logreg,0.5622222222222222
103,logreg,0.49
104,logreg,0.3877777777777777
105,logreg,0.4811111111111111
106,logreg,0.36333333333333334
107,logreg,0.45111111111111113
108,logreg,0.5155555555555555
109,logreg,0.4211111111111111
110,logreg,0.32
111,logreg,0.4066666666666667
112,logreg,0.33999999999999997
113,logreg,0.4355555555555556
114,logreg,0.26999999999999996
115,logreg,0.6333333333333334
116,logreg,0.39111111111111113
117,logreg,0.3711111111111111
118,logreg,0.508888888888889
119,logreg,0.5366666666666666
120,logreg,0.47222222222222227
121,logreg,0.39666666666666667
122,logreg,0.39555555555555555
123,logreg,0.51
124,logreg,0.49777777777777776
125,logreg,0.43
126,logreg,0.4911111111111111
127,logreg,0.3911111111111111
128,logreg,0.5466666666666666
129,logreg,0.38111111111111107
130,logreg,0.4988888888888889
131,logreg,0.42333333333333334
132,logreg,0.6277777777777778
133,logreg,0.4755555555555555
134,logreg,0.2788888888888889
135,logreg,0.4011111111111111
136,logreg,0.35444444444444445
137,logreg,0.2855555555555555
138,logreg,0.4288888888888889
139,logreg,0.5266666666666667
140,logreg,0.38333333333333336
141,logreg,0.6588888888888889
142,logreg,0.4677777777777778
143,logreg,0.45666666666666667
144,logreg,0.38555555555555554
145,logreg,0.3911111111111111
146,logreg,0.44666666666666666
147,logreg,0.6088888888888889
148,logreg,0.4922222222222222
149,logreg,0.6188888888888889
150,logreg,0.3511111111111111
151,logreg,0.5011111111111111
152,logreg,0.43222222222222223
153,logreg,0.4077777777777778
154,logreg,0.43
155,logreg,0.5633333333333334
156,logreg,0.3688888888888889
157,logreg,0.4833333333333333
158,logreg,0.5233333333333333
159,logreg,0.4288888888888889
160,logreg,0.35666666666666663
161,logreg,0.43444444444444447
162,logreg,0.6633333333333333
163,logreg,0.46888888888888886
164,logreg,0.4666666666666666
165,logreg,0.5011111111111112
166,logreg,0.31444444444444447
167,logreg,0.6666666666666667
168,logreg,0.5211111111111111
169,logreg,0.5266666666666667
170,logreg,0.2822222222222222
171,logreg,0.20111111111111113
172,logreg,0.3544444444444444
173,logreg,0.35222222222222227
174,logreg,0.5277777777777778
175,logreg,0.3211111111111111
176,logreg,0.4511111111111111
177,logreg,0.4722222222222222
178,logreg,0.43444444444444447
179,logreg,0.41222222222222216
180,logreg,0.35666666666666663
181,logreg,0.36
182,logreg,0.6077777777777778
183,logreg,0.41111111111111115
184,logreg,0.6388888888888888
185,logreg,0.5755555555555556
186,logreg,0.35
187,logreg,0.4122222222222222
188,logreg,0.4488888888888889
189,logreg,0.5655555555555556
190,logreg,0.4688888888888889
191,logreg,0.4511111111111111
192,logreg,0.6444444444444445
193,logreg,0.4811111111111111
194,logreg,0.23
195,logreg,0.41777777777777775
196,logreg,0.5988888888888889
197,logreg,0.4388888888888889
198,logreg,0.5211111111111111
199,logreg,0.49
200,logreg,0.4255555555555555
201,logreg,0.44
202,logreg,0.4033333333333333
203,logreg,0.49777777777777776
204,logreg,0.5777777777777777
205,logreg,0.5377777777777778
206,logreg,0.4288888888888889
207,logreg,0.39
208,logreg,0.3688888888888889
209,logreg,0.47444444444444445
210,logreg,0.4666666666666667
211,logreg,0.42333333333333334
212,logreg,0.5822222222222222
213,logreg,0.42333333333333334
214,logreg,0.3822222222222222
215,logreg,0.6244444444444444
216,logreg,0.5555555555555556
217,logreg,0.31999999999999995
218,logreg,0.4577777777777778
219,logreg,0.5211111111111111
220,logreg,0.6755555555555556
221,logreg,0.5344444444444445
222,logreg,0.3711111111111111
223,logreg,0.3333333333333333
224,logreg,0.6222222222222222
225,logreg,0.4166666666666667
226,logreg,0.4822222222222222
227,logreg,0.5422222222222222
228,logreg,0.7000000000000001
229,logreg,0.5233333333333334
230,logreg,0.29444444444444445
231,logreg,0.55
232,logreg,0.6477777777777778
233,logreg,0.3877777777777778
234,logreg,0.47555555555555556
235,logreg,0.4366666666666666
236,logreg,0.7744444444444445
237,logreg,0.38888888888888895
238,logreg,0.48111111111111116
239,logreg,0.4544444444444445
240,logreg,0.32555555555555554
241,logreg,0.44
242,logreg,0.26555555555555554
243,logreg,0.45444444444444443
244,logreg,0.6155555555555555
245,logreg,0.49444444444444446
246,logreg,0.4166666666666667
247,logreg,0.6766666666666666
248,logreg,0.5577777777777777
249,logreg,0.6277777777777778
250,logreg,0.3944444444444444
251,logreg,0.5844444444444444
252,logreg,0.43555555555555553
253,logreg,0.6455555555555557
254,logreg,0.39666666666666667
255,logreg,0.6477777777777778
256,logreg,0.29888888888888887
257,logreg,0.5833333333333334
258,logreg,0.3422222222222222
259,logreg,0.6466666666666667
260,logreg,0.5211111111111112
261,logreg,0.5822222222222222
262,logreg,0.4666666666666667
263,logreg,0.35777777777777775
264,logreg,0.5855555555555556
265,logreg,0.6111111111111112
266,logreg,0.3211111111111111
267,logreg,0.4922222222222222
268,logreg,0.33888888888888885
269,logreg,0.44333333333333336
270,logreg,0.6088888888888888
271,logreg,0.3844444444444445
272,logreg,0.5311111111111112
273,logreg,0.4577777777777778
274,logreg,0.36444444444444446
275,logreg,0.5377777777777778
276,logreg,0.63
277,logreg,0.6077777777777778
278,logreg,0.5433333333333333
279,logreg,0.5088888888888888
280,logreg,0.5144444444444444
281,logreg,0.42333333333333334
282,logreg,0.44
283,logreg,0.3711111111111111
284,logreg,0.4822222222222223
285,logreg,0.37888888888888883
286,logreg,0.22444444444444445
287,logreg,0.3288888888888889
288,logreg,0.6755555555555556
289,logreg,0.43444444444444436
290,logreg,0.5744444444444444
291,logreg,0.41666666666666663
292,logreg,0.5455555555555556
293,logreg,0.5055555555555555
294,logreg,0.42777777777777776
295,logreg,0.38333333333333336
296,logreg,0.6711111111111111
297,logreg,0.3777777777777777
298,logreg,0.47111111111111115
299,logreg,0.5177777777777778
300,logreg,0.5622222222222223
301,logreg,0.3511111111111111
302,logreg,0.3033333333333333
303,logreg,0.46
304,logreg,0.5277777777777778
305,logreg,0.5566666666666666
306,logreg,0.5811111111111111
307,logreg,0.51
308,logreg,0.4955555555555555
309,logreg,0.41666666666666663
310,logreg,0.4888888888888889
311,logreg,0.4511111111111112
312,logreg,0.40888888888888886
313,logreg,0.5633333333333332
314,logreg,0.4688888888888889
315,logreg,0.39111111111111113
316,logreg,0.63
317,logreg,0.5888888888888889
318,logreg,0.3244444444444444
319,logreg,0.4866666666666667
320,logreg,0.4133333333333334
321,logreg,0.56
322,logreg,0.33444444444444443
323,logreg,0.45999999999999996
324,logreg,0.5233333333333333
325,logreg,0.7388888888888889
326,logreg,0.5022222222222222
327,logreg,0.46111111111111114
328,logreg,0.4911111111111111
329,logreg,0.37222222222222223
330,logreg,0.4455555555555556
331,logreg,0.4122222222222222
332,logreg,0.5333333333333333
333,logreg,0.568888888888889
334,logreg,0.4111111111111111
335,logreg,0.4966666666666667
336,logreg,0.45666666666666667
337,logreg,0.5633333333333334
338,logreg,0.47
339,logreg,0.6055555555555555
340,logreg,0.5355555555555557
341,logreg,0.44333333333333336
342,logreg,0.44666666666666666
343,logreg,0.39888888888888885
344,logreg,0.4188888888888889
345,logreg,0.5811111111111111
346,logreg,0.39666666666666667
347,logreg,0.62
348,logreg,0.4911111111111111
349,logreg,0.3055555555555556
350,logreg,0.4522222222222222
351,logreg,0.49
352,logreg,0.4322222222222222
353,logreg,0.4133333333333333
354,logreg,0.5144444444444445
355,logreg,0.51
356,logreg,0.5977777777777777
357,logreg,0.4622222222222222
358,logreg,0.3688888888888889
359,logreg,0.4766666666666667
360,logreg,0.4477777777777778
361,logreg,0.6333333333333334
362,logreg,0.41555555555555557
363,logreg,0.4422222222222222
364,logreg,0.3866666666666666
365,logreg,0.4666666666666666
366,logreg,0.46444444444444444
367,logreg,0.508888888888889
368,logreg,0.4977777777777778
369,logreg,0.45222222222222225
370,logreg,0.41555555555555557
371,logreg,0.5644444444444444
372,logreg,0.5322222222222223
373,logreg,0.58
374,logreg,0.4477777777777777
375,logreg,0.35666666666666663
376,logreg,0.6077777777777778
377,logreg,0.7144444444444444
378,logreg,0.44888888888888884
379,logreg,0.4311111111111111
380,logreg,0.5377777777777778
381,logreg,0.37777777777777777
382,logreg,0.3688888888888889
383,logreg,0.4855555555555556
384,logreg,0.2644444444444444
385,logreg,0.528888888888889
386,logreg,0.5511111111111111
387,logreg,0.4511111111111111
388,logreg,0.4311111111111111
389,logreg,0.39
390,logreg,0.2988888888888888
391,logreg,0.4411111111111111
392,logreg,0.3755555555555556
393,logreg,0.25555555555555554
394,logreg,0.4422222222222222
395,logreg,0.3388888888888889
396,logreg,0.5144444444444445
397,logreg,0.5377777777777777
398,logreg,0.4222222222222222
399,logreg,0.5588888888888889
400,logreg,0.4177777777777778
401,logreg,0.5022222222222222
402,logreg,0.6533333333333334
403,logreg,0.6566666666666666
404,logreg,0.5611111111111111
405,logreg,0.5233333333333333
406,logreg,0.47777777777777775
407,logreg,0.3277777777777778
408,logreg,0.5977777777777777
409,logreg,0.4888888888888889
410,logreg,0.5511111111111111
411,logreg,0.4211111111111111
412,logreg,0.4755555555555555
413,logreg,0.7822222222222223
414,logreg,0.4133333333333333
415,logreg,0.28777777777777774
416,logreg,0.6955555555555555
417,logreg,0.4322222222222222
418,logreg,0.6944444444444444
419,logreg,0.39
420,logreg,0.5688888888888889
421,logreg,0.47777777777777775
422,logreg,0.29888888888888887
423,logreg,0.6822222222222222
424,logreg,0.5722222222222222
425,logreg,0.4822222222222222
426,logreg,0.45444444444444443
427,logreg,0.45222222222222225
428,logreg,0.5844444444444444
429,logreg,0.44333333333333336
430,logreg,0.39999999999999997
431,logreg,0.6677777777777778
432,logreg,0.3244444444444444
433,logreg,0.5177777777777778
434,logreg,0.3655555555555555
435,logreg,0.4388888888888889
436,logreg,0.39777777777777773
437,logreg,0.35
438,logreg,0.4322222222222222
439,logreg,0.7166666666666667
440,logreg,0.4666666666666667
441,logreg,0.49333333333333335
442,logreg,0.5511111111111111
443,logreg,0.37777777777777777
444,logreg,0.59
445,logreg,0.37222222222222223
446,logreg,0.54
447,logreg,0.5355555555555556
448,logreg,0.4266666666666667
449,logreg,0.45888888888888885
450,logreg,0.47111111111111115
451,logreg,0.4988888888888888
452,logreg,0.5111111111111111
453,logreg,0.6266666666666667
454,logreg,0.5444444444444445
455,logreg,0.4388888888888889
456,logreg,0.46
457,logreg,0.4766666666666667
458,logreg,0.5155555555555555
459,logreg,0.5211111111111112
460,logreg,0.49888888888888894
461,logreg,0.48111111111111116
462,logreg,0.46555555555555556
463,logreg,0.35888888888888887
464,logreg,0.41
465,logreg,0.3911111111111111
466,logreg,0.6122222222222223
467,logreg,0.4633333333333333
468,logreg,0.5855555555555555
469,logreg,0.5222222222222223
470,logreg,0.6222222222222222
471,logreg,0.3944444444444445
472,logreg,0.5733333333333333
473,logreg,0.4066666666666667
474,logreg,0.5233333333333334
475,logreg,0.3844444444444444
476,logreg,0.41333333333333333
477,logreg,0.47777777777777786
478,logreg,0.6433333333333333
479,logreg,0.3455555555555555
480,logreg,0.2611111111111111
481,logreg,0.5122222222222221
482,logreg,0.5144444444444444
483,logreg,0.6588888888888889
484,logreg,0.4466666666666667
485,logreg,0.3755555555555556
486,logreg,0.28555555555555556
487,logreg,0.4144444444444444
488,logreg,0.3388888888888889
489,logreg,0.4722222222222222
490,logreg,0.3066666666666667
491,logreg,0.5733333333333334
492,logreg,0.47444444444444445
493,logreg,0.4066666666666667
494,logreg,0.7444444444444445
495,logreg,0.38555555555555554
496,logreg,0.4955555555555555
497,logreg,0.2633333333333333
498,logreg,0.6288888888888889
499,logreg,0.3811111111111111
500,logreg,0.2777777777777778
501,logreg,0.5066666666666667
502,logreg,0.4411111111111111
503,logreg,0.41666666666666663
504,logreg,0.6622222222222224
505,logreg,0.38555555555555554
506,logreg,0.4922222222222222
507,logreg,0.44
508,logreg,0.4944444444444444
509,logreg,0.51
510,logreg,0.48666666666666664
511,logreg,0.4755555555555555
512,logreg,0.5277777777777778
513,logreg,0.5933333333333334
514,logreg,0.39
515,logreg,0.43000000000000005
516,logreg,0.46444444444444444
517,logreg,0.6377777777777778
518,logreg,0.5366666666666667
519,logreg,0.5344444444444445
520,logreg,0.6733333333333333
521,logreg,0.4266666666666667
522,logreg,0.38666666666666666
523,logreg,0.2533333333333333
524,logreg,0.6055555555555556
525,logreg,0.35777777777777775
526,logreg,0.2922222222222222
527,logreg,0.5133333333333334
528,logreg,0.5511111111111111
529,logreg,0.3655555555555555
530,logreg,0.4011111111111111
531,logreg,0.3855555555555556
532,logreg,0.44333333333333336
533,logreg,0.5966666666666668
534,logreg,0.4211111111111111
535,logreg,0.5977777777777777
536,logreg,0.35777777777777775
537,logreg,0.55
538,logreg,0.5222222222222223
539,logreg,0.4266666666666667
540,logreg,0.6922222222222222
541,logreg,0.5077777777777778
542,logreg,0.508888888888889
543,logreg,0.5066666666666667
544,logreg,0.4211111111111111
545,logreg,0.5822222222222223
546,logreg,0.5022222222222222
547,logreg,0.4477777777777778
548,logreg,0.64
549,logreg,0.34777777777777774
550,logreg,0.4188888888888889
551,logreg,0.5277777777777777
552,logreg,0.5811111111111111
553,logreg,0.6166666666666667
554,logreg,0.6033333333333334
555,logreg,0.36
556,logreg,0.32666666666666666
557,logreg,0.4177777777777778
558,logreg,0.4144444444444444
559,logreg,0.45
560,logreg,0.5966666666666668
561,logreg,0.4566666666666667
562,logreg,0.49333333333333335
563,logreg,0.6144444444444445
564,logreg,0.5411111111111111
565,logreg,0.3944444444444445
566,logreg,0.49
567,logreg,0.5955555555555555
568,logreg,0.3555555555555555
569,logreg,0.42333333333333334
570,logreg,0.3255555555555555
571,logreg,0.4411111111111111
572,logreg,0.3322222222222222
573,logreg,0.37
574,logreg,0.5455555555555556
575,logreg,0.4766666666666667
576,logreg,0.4711111111111111
577,logreg,0.4522222222222222
578,logreg,0.44888888888888884
579,logreg,0.5344444444444445
580,logreg,0.6266666666666667
581,logreg,0.5011111111111111
582,logreg,0.29
583,logreg,0.6266666666666667
584,logreg,0.38999999999999996
585,logreg,0.7711111111111111
586,logreg,0.5388888888888889
587,logreg,0.5766666666666667
588,logreg,0.3911111111111111
589,logreg,0.5255555555555556
590,logreg,0.38111111111111107
591,logreg,0.6155555555555555
592,logreg,0.518888888888889
593,logreg,0.5688888888888889
594,logreg,0.56
595,logreg,0.3377777777777778
596,logreg,0.5911111111111111
597,logreg,0.5855555555555556
598,logreg,0.6544444444444444
599,logreg,0.5722222222222222
600,logreg,0.40888888888888886
601,logreg,0.43444444444444447
602,logreg,0.5900000000000001
603,logreg,0.5533333333333333
604,logreg,0.41222222222222227
605,logreg,0.4366666666666667
606,logreg,0.5855555555555556
607,logreg,0.3544444444444444
608,logreg,0.4
609,logreg,0.33333333333333337
610,logreg,0.49888888888888894
611,logreg,0.40888888888888886
612,logreg,0.5266666666666667
613,logreg,0.5355555555555556
614,logreg,0.4244444444444445
615,logreg,0.5011111111111112
616,logreg,0.45999999999999996
617,logreg,0.45222222222222225
618,logreg,0.4322222222222222
619,logreg,0.5755555555555556
620,logreg,0.4311111111111111
621,logreg,0.4444444444444444
622,logreg,0.47333333333333333
623,logreg,0.5599999999999999
624,logreg,0.3611111111111111
625,logreg,0.47555555555555556
626,logreg,0.27555555555555555
627,logreg,0.4455555555555556
628,logreg,0.53
629,logreg,0.7422222222222223
630,logreg,0.3688888888888889
631,logreg,0.5311111111111111
632,logreg,0.5211111111111111
633,logreg,0.5422222222222222
634,logreg,0.47000000000000003
635,logreg,0.7000000000000001
636,logreg,0.5966666666666667
637,logreg,0.5177777777777778
638,logreg,0.6411111111111112
639,logreg,0.36
640,logreg,0.5777777777777777
641,logreg,0.6022222222222222
642,logreg,0.5211111111111111
643,logreg,0.48777777777777775
644,logreg,0.5311111111111111
645,logreg,0.4033333333333334
646,logreg,0.5688888888888889
647,logreg,0.4177777777777777
648,logreg,0.4544444444444445
649,logreg,0.5033333333333333
650,logreg,0.4988888888888889
651,logreg,0.41
652,logreg,0.5633333333333334
653,logreg,0.5322222222222223
654,logreg,0.33222222222222225
655,logreg,0.5355555555555556
656,logreg,0.6411111111111111
657,logreg,0.4777777777777778
658,logreg,0.4611111111111111
659,logreg,0.5555555555555555
660,logreg,0.3144444444444444
661,logreg,0.41888888888888887
662,logreg,0.3922222222222222
663,logreg,0.56
664,logreg,0.6555555555555556
665,logreg,0.5033333333333333
666,logreg,0.3788888888888889
667,logreg,0.3877777777777778
668,logreg,0.58
669,logreg,0.45
670,logreg,0.48777777777777775
671,logreg,0.4255555555555556
672,logreg,0.5477777777777778
673,logreg,0.3877777777777778
674,logreg,0.5377777777777777
675,logreg,0.6666666666666665
676,logreg,0.45444444444444443
677,logreg,0.4266666666666667
678,logreg,0.5966666666666667
679,logreg,0.26333333333333336
680,logreg,0.35555555555555557
681,logreg,0.46888888888888886
682,logreg,0.5266666666666666
683,logreg,0.38666666666666666
684,logreg,0.5800000000000001
685,logreg,0.3088888888888889
686,logreg,0.28
687,logreg,0.6288888888888889
688,logreg,0.4122222222222222
689,logreg,0.35000000000000003
690,logreg,0.4955555555555556
691,logreg,0.41333333333333333
692,logreg,0.3744444444444444
693,logreg,0.6322222222222222
694,logreg,0.4422222222222222
695,logreg,0.6100000000000001
696,logreg,0.4211111111111111
697,logreg,0.5577777777777778
698,logreg,0.56
699,logreg,0.4722222222222222
700,logreg,0.40888888888888886
701,logreg,0.5322222222222223
702,logreg,0.4222222222222222
703,logreg,0.5755555555555555
704,logreg,0.6033333333333333
705,logreg,0.5044444444444445
706,logreg,0.47888888888888886
707,logreg,0.3622222222222222
708,logreg,0.38888888888888884
709,logreg,0.40888888888888886
710,logreg,0.5411111111111111
711,logreg,0.4633333333333333
712,logreg,0.4733333333333333
713,logreg,0.5177777777777778
714,logreg,0.25222222222222224
715,logreg,0.3188888888888889
716,logreg,0.28444444444444444
717,logreg,0.4944444444444444
718,logreg,0.55
719,logreg,0.20666666666666667
720,logreg,0.5133333333333334
721,logreg,0.40555555555555556
722,logreg,0.4522222222222222
723,logreg,0.44333333333333336
724,logreg,0.5144444444444445
725,logreg,0.4233333333333333
726,logreg,0.3966666666666666
727,logreg,0.5844444444444444
728,logreg,0.4922222222222222
729,logreg,0.49222222222222217
730,logreg,0.31111111111111106
731,logreg,0.31999999999999995
732,logreg,0.4366666666666667
733,logreg,0.48666666666666664
734,logreg,0.5611111111111111
735,logreg,0.24333333333333332
736,logreg,0.4222222222222222
737,logreg,0.5888888888888889
738,logreg,0.4911111111111111
739,logreg,0.4866666666666667
740,logreg,0.4588888888888889
741,logreg,0.4833333333333334
742,logreg,0.45999999999999996
743,logreg,0.5700000000000001
744,logreg,0.39777777777777773
745,logreg,0.48111111111111116
746,logreg,0.5555555555555556
747,logreg,0.3488888888888889
748,logreg,0.4111111111111111
749,logreg,0.6900000000000001
750,logreg,0.4955555555555555
751,logreg,0.43666666666666665
752,logreg,0.3988888888888889
753,logreg,0.5244444444444445
754,logreg,0.36777777777777776
755,logreg,0.5944444444444444
756,logreg,0.34777777777777774
757,logreg,0.4588888888888889
758,logreg,0.39444444444444443
759,logreg,0.5422222222222222
760,logreg,0.4688888888888889
761,logreg,0.5066666666666666
762,logreg,0.5044444444444445
763,logreg,0.4266666666666667
764,logreg,0.4711111111111111
765,logreg,0.48777777777777775
766,logreg,0.5266666666666667
767,logreg,0.28222222222222226
768,logreg,0.40888888888888886
769,logreg,0.5677777777777777
770,logreg,0.4588888888888889
771,logreg,0.45777777777777773
772,logreg,0.30111111111111105
773,logreg,0.24888888888888888
774,logreg,0.4488888888888889
775,logreg,0.3233333333333333
776,logreg,0.4644444444444445
777,logreg,0.46111111111111114
778,logreg,0.3811111111111111
779,logreg,0.48111111111111116
780,logreg,0.4644444444444445
781,logreg,0.5511111111111111
782,logreg,0.3044444444444444
783,logreg,0.3666666666666667
784,logreg,0.6300000000000001
785,logreg,0.3066666666666667
786,logreg,0.6111111111111112
787,logreg,0.32111111111111107
788,logreg,0.5511111111111111
789,logreg,0.7333333333333334
790,logreg,0.5922222222222223
791,logreg,0.5
792,logreg,0.3144444444444444
793,logreg,0.3355555555555555
794,logreg,0.49777777777777776
795,logreg,0.5622222222222222
796,logreg,0.5244444444444445
797,logreg,0.4477777777777778
798,logreg,0.4811111111111111
799,logreg,0.4722222222222222
800,logreg,0.39111111111111113
801,logreg,0.47555555555555556
802,logreg,0.45111111111111113
803,logreg,0.6422222222222222
804,logreg,0.4822222222222222
805,logreg,0.36111111111111105
806,logreg,0.52
807,logreg,0.51
808,logreg,0.45111111111111113
809,logreg,0.5922222222222222
810,logreg,0.46888888888888886
811,logreg,0.5288888888888889
812,logreg,0.6177777777777779
813,logreg,0.44777777777777783
814,logreg,0.3288888888888889
815,logreg,0.38999999999999996
816,logreg,0.6511111111111112
817,logreg,0.39999999999999997
818,logreg,0.3188888888888889
819,logreg,0.4466666666666666
820,logreg,0.5744444444444443
821,logreg,0.5322222222222222
822,logreg,0.6311111111111111
823,logreg,0.4588888888888889
824,logreg,0.508888888888889
825,logreg,0.4966666666666667
826,logreg,0.4955555555555555
827,logreg,0.6855555555555555
828,logreg,0.4355555555555556
829,logreg,0.5811111111111111
830,logreg,0.49111111111111105
831,logreg,0.5533333333333333
832,logreg,0.4600000000000001
833,logreg,0.4522222222222222
834,logreg,0.3766666666666666
835,logreg,0.5111111111111111
836,logreg,0.5333333333333333
837,logreg,0.4444444444444444
838,logreg,0.3622222222222223
839,logreg,0.4
840,logreg,0.4255555555555556
841,logreg,0.3155555555555556
842,logreg,0.3811111111111111
843,logreg,0.39222222222222225
844,logreg,0.4122222222222222
845,logreg,0.3744444444444444
846,logreg,0.5255555555555556
847,logreg,0.5744444444444444
848,logreg,0.2588888888888889
849,logreg,0.48444444444444446
850,logreg,0.5155555555555555
851,logreg,0.5777777777777777
852,logreg,0.5222222222222223
853,logreg,0.48444444444444446
854,logreg,0.5622222222222222
855,logreg,0.4844444444444444
856,logreg,0.4322222222222222
857,logreg,0.4388888888888889
858,logreg,0.4888888888888889
859,logreg,0.44999999999999996
860,logreg,0.3844444444444444
861,logreg,0.5055555555555555
862,logreg,0.4022222222222222
863,logreg,0.67
864,logreg,0.4422222222222222
865,logreg,0.41555555555555557
866,logreg,0.5677777777777778
867,logreg,0.5433333333333333
868,logreg,0.5066666666666666
869,logreg,0.5488888888888889
870,logreg,0.4088888888888889
871,logreg,0.4833333333333333
872,logreg,0.3733333333333333
873,logreg,0.6133333333333334
874,logreg,0.40444444444444444
875,logreg,0.48444444444444446
876,logreg,0.6144444444444445
877,logreg,0.4688888888888889
878,logreg,0.5033333333333333
879,logreg,0.4111111111111111
880,logreg,0.61
881,logreg,0.4588888888888889
882,logreg,0.49777777777777776
883,logreg,0.45777777777777773
884,logreg,0.5977777777777777
885,logreg,0.32555555555555554
886,logreg,0.5355555555555556
887,logreg,0.4488888888888889
888,logreg,0.4455555555555556
889,logreg,0.48444444444444446
890,logreg,0.7011111111111112
891,logreg,0.4233333333333333
892,logreg,0.54
893,logreg,0.45444444444444443
894,logreg,0.4377777777777777
895,logreg,0.6477777777777778
896,logreg,0.4588888888888889
897,logreg,0.44888888888888884
898,logreg,0.5033333333333333
899,logreg,0.5511111111111111
900,logreg,0.6322222222222222
901,logreg,0.3333333333333333
902,logreg,0.6111111111111112
903,logreg,0.2966666666666667
904,logreg,0.6244444444444445
905,logreg,0.6544444444444445
906,logreg,0.46222222222222226
907,logreg,0.5177777777777778
908,logreg,0.4333333333333333
909,logreg,0.39
910,logreg,0.49888888888888894
911,logreg,0.3022222222222222
912,logreg,0.6266666666666666
913,logreg,0.6611111111111112
914,logreg,0.48
915,logreg,0.45777777777777773
916,logreg,0.4488888888888889
917,logreg,0.45333333333333337
918,logreg,0.5055555555555555
919,logreg,0.41111111111111104
920,logreg,0.6055555555555555
921,logreg,0.39999999999999997
922,logreg,0.39
923,logreg,0.5866666666666667
924,logreg,0.37666666666666665
925,logreg,0.27999999999999997
926,logreg,0.38
927,logreg,0.49
928,logreg,0.39
929,logreg,0.36
930,logreg,0.5555555555555556
931,logreg,0.3455555555555555
932,logreg,0.518888888888889
933,logreg,0.4933333333333333
934,logreg,0.4033333333333333
935,logreg,0.15999999999999998
936,logreg,0.18888888888888888
937,logreg,0.49
938,logreg,0.29111111111111104
939,logreg,0.3233333333333333
940,logreg,0.43666666666666665
941,logreg,0.5933333333333333
942,logreg,0.22111111111111106
943,logreg,0.4811111111111111
944,logreg,0.44777777777777783
945,logreg,0.27555555555555555
946,logreg,0.44999999999999996
947,logreg,0.43666666666666665
948,logreg,0.5366666666666666
949,logreg,0.6544444444444445
950,logreg,0.5655555555555556
951,logreg,0.2422222222222222
952,logreg,0.5033333333333334
953,logreg,0.5588888888888889
954,logreg,0.41333333333333333
955,logreg,0.4933333333333333
956,logreg,0.47888888888888886
957,logreg,0.6944444444444444
958,logreg,0.6211111111111111
959,logreg,0.508888888888889
960,logreg,0.4833333333333333
961,logreg,0.6166666666666667
962,logreg,0.5111111111111111
963,logreg,0.29000000000000004
964,logreg,0.4455555555555556
965,logreg,0.49222222222222217
966,logreg,0.3055555555555556
967,logreg,0.6288888888888888
968,logreg,0.49777777777777776
969,logreg,0.39222222222222225
970,logreg,0.35333333333333333
971,logreg,0.3322222222222222
972,logreg,0.6000000000000001
973,logreg,0.5955555555555556
974,logreg,0.5866666666666667
975,logreg,0.3977777777777778
976,logreg,0.33999999999999997
977,logreg,0.5244444444444445
978,logreg,0.46888888888888886
979,logreg,0.4566666666666666
980,logreg,0.5722222222222222
981,logreg,0.41111111111111115
982,logreg,0.34444444444444444
983,logreg,0.4444444444444445
984,logreg,0.40777777777777785
985,logreg,0.3211111111111111
986,logreg,0.4111111111111111
987,logreg,0.40111111111111114
988,logreg,0.5455555555555556
989,logreg,0.6000000000000001
990,logreg,0.5477777777777778
991,logreg,0.4366666666666667
992,logreg,0.43666666666666665
993,logreg,0.5877777777777777
994,logreg,0.41444444444444445
995,logreg,0.3788888888888889
996,logreg,0.548888888888889
997,logreg,0.4688888888888889
998,logreg,0.4822222222222223
999,logreg,0.3944444444444445
0,lgbm,0.27999999999999997
1,lgbm,0.6000000000000001
2,lgbm,0.5522222222222222
3,lgbm,0.59
4,lgbm,0.3655555555555555
5,lgbm,0.5333333333333333
6,lgbm,0.37
7,lgbm,0.6044444444444445
8,lgbm,0.3388888888888889
9,lgbm,0.4344444444444444
10,lgbm,0.55
11,lgbm,0.34
12,lgbm,0.4411111111111111
13,lgbm,0.47
14,lgbm,0.4533333333333333
15,lgbm,0.6983333333333334
16,lgbm,0.5633333333333334
17,lgbm,0.3288888888888889
18,lgbm,0.48444444444444446
19,lgbm,0.5366666666666666
20,lgbm,0.6000000000000001
21,lgbm,0.4288888888888889
22,lgbm,0.6572222222222223
23,lgbm,0.4622222222222222
24,lgbm,0.4855555555555556
25,lgbm,0.41000000000000003
26,lgbm,0.4516666666666666
27,lgbm,0.6799999999999999
28,lgbm,0.41
29,lgbm,0.30222222222222217
30,lgbm,0.4666666666666667
31,lgbm,0.3744444444444444
32,lgbm,0.5333333333333333
33,lgbm,0.4611111111111111
34,lgbm,0.4488888888888889
35,lgbm,0.4733333333333333
36,lgbm,0.5422222222222222
37,lgbm,0.47222222222222227
38,lgbm,0.27111111111111114
39,lgbm,0.3022222222222222
40,lgbm,0.3338888888888889
41,lgbm,0.3038888888888889
42,lgbm,0.39444444444444443
43,lgbm,0.5588888888888888
44,lgbm,0.2211111111111111
45,lgbm,0.5733333333333334
46,lgbm,0.46777777777777774
47,lgbm,0.6444444444444444
48,lgbm,0.3555555555555555
49,lgbm,0.37777777777777777
50,lgbm,0.2777777777777778
51,lgbm,0.3444444444444444
52,lgbm,0.47
53,lgbm,0.6238888888888889
54,lgbm,0.32
55,lgbm,0.5444444444444445
56,lgbm,0.35333333333333333
57,lgbm,0.41444444444444445
58,lgbm,0.48
59,lgbm,0.5388888888888889
60,lgbm,0.5855555555555555
61,lgbm,0.46277777777777773
62,lgbm,0.5888888888888889
63,lgbm,0.4955555555555555
64,lgbm,0.3938888888888889
65,lgbm,0.39222222222222225
66,lgbm,0.46444444444444444
67,lgbm,0.65
68,lgbm,0.565
69,lgbm,0.5750000000000001
70,lgbm,0.3677777777777778
71,lgbm,0.6311111111111111
72,lgbm,0.30777777777777776
73,lgbm,0.2388888888888889
74,lgbm,0.3277777777777778
75,lgbm,0.6455555555555555
76,lgbm,0.5522222222222223
77,lgbm,0.20166666666666666
78,lgbm,0.4955555555555555
79,lgbm,0.5522222222222222
80,lgbm,0.6255555555555556
81,lgbm,0.25666666666666665
82,lgbm,0.48222222222222216
83,lgbm,0.45777777777777773
84,lgbm,0.46888888888888886
85,lgbm,0.5644444444444445
86,lgbm,0.721111111111111
87,lgbm,0.46055555555555555
88,lgbm,0.4166666666666667
89,lgbm,0.75
90,lgbm,0.5344444444444444
91,lgbm,0.5677777777777777
92,lgbm,0.42666666666666664
93,lgbm,0.4622222222222222
94,lgbm,0.33999999999999997
95,lgbm,0.6666666666666667
96,lgbm,0.3722222222222223
97,lgbm,0.36222222222222217
98,lgbm,0.4222222222222222
99,lgbm,0.5077777777777779
100,lgbm,0.6666666666666667
101,lgbm,0.7422222222222222
102,lgbm,0.51
103,lgbm,0.4355555555555556
104,lgbm,0.3616666666666667
105,lgbm,0.4444444444444444
106,lgbm,0.40555555555555556
107,lgbm,0.45222222222222225
108,lgbm,0.628888888888889
109,lgbm,0.3955555555555556
110,lgbm,0.4177777777777778
111,lgbm,0.4144444444444444
112,lgbm,0.4111111111111111
113,lgbm,0.3277777777777778
114,lgbm,0.3244444444444444
115,lgbm,0.648888888888889
116,lgbm,0.31777777777777777
117,lgbm,0.41000000000000003
118,lgbm,0.4066666666666667
119,lgbm,0.6311111111111111
120,lgbm,0.5122222222222222
121,lgbm,0.4044444444444445
122,lgbm,0.7233333333333334
123,lgbm,0.46111111111111114
124,lgbm,0.5444444444444445
125,lgbm,0.4433333333333333
126,lgbm,0.4822222222222222
127,lgbm,0.46777777777777774
128,lgbm,0.3877777777777778
129,lgbm,0.4311111111111111
130,lgbm,0.4666666666666667
131,lgbm,0.33111111111111113
132,lgbm,0.5888888888888889
133,lgbm,0.508888888888889
134,lgbm,0.2833333333333333
135,lgbm,0.5394444444444445
136,lgbm,0.4633333333333334
137,lgbm,0.45666666666666667
138,lgbm,0.4438888888888889
139,lgbm,0.47888888888888886
140,lgbm,0.44
141,lgbm,0.6838888888888889
142,lgbm,0.32888888888888884
143,lgbm,0.3277777777777777
144,lgbm,0.4983333333333334
145,lgbm,0.25611111111111107
146,lgbm,0.4538888888888889
147,lgbm,0.5366666666666666
148,lgbm,0.3455555555555555
149,lgbm,0.6033333333333334
150,lgbm,0.4244444444444444
151,lgbm,0.5044444444444445
152,lgbm,0.5077777777777778
153,lgbm,0.4405555555555556
154,lgbm,0.5177777777777779
155,lgbm,0.4666666666666666
156,lgbm,0.3983333333333333
157,lgbm,0.23888888888888887
158,lgbm,0.41444444444444445
159,lgbm,0.4666666666666666
160,lgbm,0.4077777777777778
161,lgbm,0.31333333333333335
162,lgbm,0.418888888888889
163,lgbm,0.47833333333333333
164,lgbm,0.3611111111111111
165,lgbm,0.5222222222222223
166,lgbm,0.34777777777777774
167,lgbm,0.6633333333333333
168,lgbm,0.35444444444444445
169,lgbm,0.4388888888888889
170,lgbm,0.43
171,lgbm,0.3644444444444444
172,lgbm,0.27666666666666667
173,lgbm,0.34666666666666673
174,lgbm,0.32333333333333336
175,lgbm,0.5144444444444445
176,lgbm,0.4822222222222222
177,lgbm,0.5133333333333332
178,lgbm,0.29888888888888887
179,lgbm,0.6822222222222223
180,lgbm,0.5344444444444445
181,lgbm,0.4538888888888889
182,lgbm,0.5511111111111111
183,lgbm,0.40444444444444444
184,lgbm,0.56
185,lgbm,0.6222222222222222
186,lgbm,0.23888888888888887
187,lgbm,0.528888888888889
188,lgbm,0.445
189,lgbm,0.35333333333333333
190,lgbm,0.38555555555555554
191,lgbm,0.3177777777777777
192,lgbm,0.6233333333333333
193,lgbm,0.4488888888888889
194,lgbm,0.43333333333333335
195,lgbm,0.40222222222222215
196,lgbm,0.611111111111111
197,lgbm,0.5983333333333334
198,lgbm,0.41
199,lgbm,0.5022222222222222
200,lgbm,0.32499999999999996
201,lgbm,0.6222222222222222
202,lgbm,0.42
203,lgbm,0.4627777777777778
204,lgbm,0.5688888888888889
205,lgbm,0.38666666666666666
206,lgbm,0.39666666666666667
207,lgbm,0.5144444444444444
208,lgbm,0.435
209,lgbm,0.508888888888889
210,lgbm,0.2922222222222222
211,lgbm,0.4233333333333334
212,lgbm,0.6888888888888889
213,lgbm,0.6611111111111112
214,lgbm,0.4955555555555555
215,lgbm,0.6211111111111111
216,lgbm,0.5511111111111111
217,lgbm,0.4022222222222222
218,lgbm,0.6261111111111112
219,lgbm,0.5722222222222222
220,lgbm,0.6011111111111112
221,lgbm,0.4955555555555555
222,lgbm,0.44388888888888894
223,lgbm,0.20333333333333334
224,lgbm,0.5933333333333334
225,lgbm,0.3794444444444444
226,lgbm,0.38222222222222224
227,lgbm,0.6111111111111112
228,lgbm,0.5688888888888889
229,lgbm,0.5377777777777778
230,lgbm,0.4966666666666667
231,lgbm,0.5677777777777777
232,lgbm,0.5488888888888889
233,lgbm,0.5811111111111111
234,lgbm,0.5044444444444445
235,lgbm,0.5372222222222222
236,lgbm,0.5966666666666667
237,lgbm,0.3927777777777778
238,lgbm,0.4766666666666666
239,lgbm,0.3844444444444445
240,lgbm,0.28722222222222216
241,lgbm,0.3411111111111111
242,lgbm,0.3466666666666667
243,lgbm,0.5894444444444444
244,lgbm,0.5855555555555556
245,lgbm,0.53
246,lgbm,0.44777777777777783
247,lgbm,0.5166666666666667
248,lgbm,0.37333333333333335
249,lgbm,0.5344444444444445
250,lgbm,0.35777777777777775
251,lgbm,0.7388888888888889
252,lgbm,0.49333333333333335
253,lgbm,0.6633333333333333
254,lgbm,0.5911111111111111
255,lgbm,0.5344444444444445
256,lgbm,0.33444444444444443
257,lgbm,0.6111111111111112
258,lgbm,0.6016666666666667
259,lgbm,0.46
260,lgbm,0.4033333333333334
261,lgbm,0.7122222222222223
262,lgbm,0.3611111111111111
263,lgbm,0.39555555555555555
264,lgbm,0.43000000000000005
265,lgbm,0.5744444444444444
266,lgbm,0.29333333333333333
267,lgbm,0.5494444444444445
268,lgbm,0.3466666666666667
269,lgbm,0.6188888888888889
270,lgbm,0.35
271,lgbm,0.37777777777777777
272,lgbm,0.4994444444444444
273,lgbm,0.2911111111111111
274,lgbm,0.7188888888888889
275,lgbm,0.5255555555555556
276,lgbm,0.48888888888888893
277,lgbm,0.545
278,lgbm,0.5266666666666666
279,lgbm,0.47444444444444456
280,lgbm,0.38666666666666666
281,lgbm,0.39111111111111113
282,lgbm,0.35
283,lgbm,0.46444444444444444
284,lgbm,0.5055555555555555
285,lgbm,0.4455555555555555
286,lgbm,0.27666666666666667
287,lgbm,0.4855555555555555
288,lgbm,0.6122222222222222
289,lgbm,0.5411111111111112
290,lgbm,0.4133333333333333
291,lgbm,0.45722222222222225
292,lgbm,0.5522222222222222
293,lgbm,0.4700000000000001
294,lgbm,0.3333333333333333
295,lgbm,0.5222222222222223
296,lgbm,0.6799999999999999
297,lgbm,0.49944444444444447
298,lgbm,0.4122222222222222
299,lgbm,0.6244444444444445
300,lgbm,0.3211111111111111
301,lgbm,0.23333333333333334
302,lgbm,0.32555555555555554
303,lgbm,0.6366666666666667
304,lgbm,0.4677777777777777
305,lgbm,0.3833333333333333
306,lgbm,0.5255555555555556
307,lgbm,0.58
308,lgbm,0.5644444444444445
309,lgbm,0.38888888888888895
310,lgbm,0.5277777777777778
311,lgbm,0.5344444444444445
312,lgbm,0.5144444444444445
313,lgbm,0.42
314,lgbm,0.49444444444444446
315,lgbm,0.48
316,lgbm,0.6699999999999999
317,lgbm,0.5694444444444444
318,lgbm,0.5833333333333333
319,lgbm,0.33111111111111113
320,lgbm,0.43555555555555553
321,lgbm,0.5611111111111111
322,lgbm,0.4111111111111111
323,lgbm,0.44499999999999995
324,lgbm,0.40444444444444444
325,lgbm,0.5622222222222223
326,lgbm,0.4288888888888889
327,lgbm,0.41833333333333333
328,lgbm,0.5544444444444445
329,lgbm,0.43888888888888883
330,lgbm,0.5277777777777778
331,lgbm,0.44000000000000006
332,lgbm,0.6977777777777777
333,lgbm,0.7
334,lgbm,0.4061111111111111
335,lgbm,0.6222222222222222
336,lgbm,0.47444444444444445
337,lgbm,0.48
338,lgbm,0.5033333333333334
339,lgbm,0.6833333333333333
340,lgbm,0.35
341,lgbm,0.5866666666666667
342,lgbm,0.43111111111111106
343,lgbm,0.5633333333333334
344,lgbm,0.3844444444444444
345,lgbm,0.5577777777777777
346,lgbm,0.2577777777777778
347,lgbm,0.42
348,lgbm,0.5277777777777777
349,lgbm,0.4322222222222222
350,lgbm,0.3499999999999999
351,lgbm,0.46944444444444444
352,lgbm,0.6555555555555556
353,lgbm,0.3466666666666667
354,lgbm,0.42777777777777776
355,lgbm,0.61
356,lgbm,0.6844444444444444
357,lgbm,0.39333333333333337
358,lgbm,0.43999999999999995
359,lgbm,0.38111111111111107
360,lgbm,0.3422222222222222
361,lgbm,0.4566666666666666
362,lgbm,0.5755555555555556
363,lgbm,0.48888888888888893
364,lgbm,0.4477777777777777
365,lgbm,0.4144444444444445
366,lgbm,0.5111111111111112
367,lgbm,0.3911111111111111
368,lgbm,0.37555555555555553
369,lgbm,0.29
370,lgbm,0.5277777777777778
371,lgbm,0.5900000000000001
372,lgbm,0.5244444444444444
373,lgbm,0.5155555555555557
374,lgbm,0.5822222222222222
375,lgbm,0.45777777777777773
376,lgbm,0.5155555555555555
377,lgbm,0.5000000000000001
378,lgbm,0.5222222222222221
379,lgbm,0.37777777777777777
380,lgbm,0.32111111111111107
381,lgbm,0.3622222222222222
382,lgbm,0.4122222222222222
383,lgbm,0.4666666666666667
384,lgbm,0.4355555555555555
385,lgbm,0.325
386,lgbm,0.4322222222222222
387,lgbm,0.4494444444444444
388,lgbm,0.47444444444444445
389,lgbm,0.4144444444444445
390,lgbm,0.28
391,lgbm,0.2822222222222222
392,lgbm,0.31777777777777777
393,lgbm,0.3344444444444444
394,lgbm,0.2977777777777778
395,lgbm,0.4955555555555555
396,lgbm,0.6022222222222222
397,lgbm,0.45611111111111113
398,lgbm,0.4344444444444444
399,lgbm,0.6233333333333333
400,lgbm,0.47111111111111115
401,lgbm,0.56
402,lgbm,0.47
403,lgbm,0.7066666666666667
404,lgbm,0.5416666666666666
405,lgbm,0.47555555555555556
406,lgbm,0.5022222222222222
407,lgbm,0.4088888888888889
408,lgbm,0.47888888888888886
409,lgbm,0.4966666666666667
410,lgbm,0.6622222222222223
411,lgbm,0.3655555555555555
412,lgbm,0.5633333333333332
413,lgbm,0.7522222222222222
414,lgbm,0.5322222222222223
415,lgbm,0.39999999999999997
416,lgbm,0.39055555555555554
417,lgbm,0.2644444444444444
418,lgbm,0.5505555555555556
419,lgbm,0.4211111111111111
420,lgbm,0.5811111111111111
421,lgbm,0.6277777777777778
422,lgbm,0.3788888888888889
423,lgbm,0.4922222222222223
424,lgbm,0.5288888888888889
425,lgbm,0.3233333333333333
426,lgbm,0.48944444444444446
427,lgbm,0.5305555555555556
428,lgbm,0.5755555555555555
429,lgbm,0.4933333333333333
430,lgbm,0.39555555555555555
431,lgbm,0.52
432,lgbm,0.33444444444444443
433,lgbm,0.4711111111111111
434,lgbm,0.37555555555555553
435,lgbm,0.6433333333333334
436,lgbm,0.4088888888888889
437,lgbm,0.3
438,lgbm,0.40222222222222226
439,lgbm,0.4622222222222222
440,lgbm,0.53
441,lgbm,0.45
442,lgbm,0.5555555555555556
443,lgbm,0.3672222222222221
444,lgbm,0.5788888888888889
445,lgbm,0.5488888888888889
446,lgbm,0.5333333333333333
447,lgbm,0.54
448,lgbm,0.37
449,lgbm,0.4877777777777778
450,lgbm,0.4733333333333334
451,lgbm,0.4822222222222222
452,lgbm,0.5344444444444445
453,lgbm,0.6333333333333333
454,lgbm,0.475
455,lgbm,0.43166666666666664
456,lgbm,0.6222222222222222
457,lgbm,0.45888888888888885
458,lgbm,0.29
459,lgbm,0.47444444444444445
460,lgbm,0.3383333333333333
461,lgbm,0.42000000000000004
462,lgbm,0.5455555555555556
463,lgbm,0.2588888888888889
464,lgbm,0.38555555555555554
465,lgbm,0.4083333333333334
466,lgbm,0.49777777777777776
467,lgbm,0.5866666666666667
468,lgbm,0.37444444444444447
469,lgbm,0.4516666666666667
470,lgbm,0.4977777777777777
471,lgbm,0.52
472,lgbm,0.5622222222222222
473,lgbm,0.40555555555555556
474,lgbm,0.49
475,lgbm,0.46555555555555556
476,lgbm,0.33111111111111113
477,lgbm,0.45
478,lgbm,0.6377777777777778
479,lgbm,0.3927777777777778
480,lgbm,0.4666666666666667
481,lgbm,0.4077777777777778
482,lgbm,0.5033333333333333
483,lgbm,0.4988888888888888
484,lgbm,0.46777777777777774
485,lgbm,0.4966666666666667
486,lgbm,0.3438888888888889
487,lgbm,0.5638888888888889
488,lgbm,0.3144444444444444
489,lgbm,0.4533333333333333
490,lgbm,0.33
491,lgbm,0.31777777777777777
492,lgbm,0.5466666666666666
493,lgbm,0.4244444444444444
494,lgbm,0.45999999999999996
495,lgbm,0.5466666666666666
496,lgbm,0.3811111111111111
497,lgbm,0.29444444444444445
498,lgbm,0.6211111111111111
499,lgbm,0.33999999999999997
500,lgbm,0.6711111111111111
501,lgbm,0.4916666666666667
502,lgbm,0.47111111111111115
503,lgbm,0.4733333333333333
504,lgbm,0.5288888888888889
505,lgbm,0.32555555555555554
506,lgbm,0.34777777777777774
507,lgbm,0.4855555555555556
508,lgbm,0.45333333333333337
509,lgbm,0.4822222222222222
510,lgbm,0.46777777777777774
511,lgbm,0.3044444444444444
512,lgbm,0.45999999999999996
513,lgbm,0.4688888888888889
514,lgbm,0.41444444444444445
515,lgbm,0.2866666666666667
516,lgbm,0.6277777777777778
517,lgbm,0.7233333333333333
518,lgbm,0.4711111111111111
519,lgbm,0.46555555555555556
520,lgbm,0.6844444444444444
521,lgbm,0.5644444444444444
522,lgbm,0.4211111111111111
523,lgbm,0.44777777777777783
524,lgbm,0.5022222222222222
525,lgbm,0.41611111111111115
526,lgbm,0.4477777777777777
527,lgbm,0.5188888888888888
528,lgbm,0.5988888888888888
529,lgbm,0.49944444444444436
530,lgbm,0.42944444444444435
531,lgbm,0.4488888888888889
532,lgbm,0.48
533,lgbm,0.4511111111111111
534,lgbm,0.4077777777777778
535,lgbm,0.3611111111111111
536,lgbm,0.38555555555555554
537,lgbm,0.36888888888888893
538,lgbm,0.5122222222222224
539,lgbm,0.5744444444444444
540,lgbm,0.6322222222222222
541,lgbm,0.5633333333333334
542,lgbm,0.47388888888888886
543,lgbm,0.46777777777777774
544,lgbm,0.4155555555555555
545,lgbm,0.4744444444444445
546,lgbm,0.4322222222222222
547,lgbm,0.3555555555555556
548,lgbm,0.616111111111111
549,lgbm,0.20222222222222222
550,lgbm,0.5377777777777778
551,lgbm,0.5622222222222222
552,lgbm,0.6333333333333333
553,lgbm,0.36777777777777776
554,lgbm,0.5122222222222222
555,lgbm,0.3622222222222222
556,lgbm,0.45333333333333337
557,lgbm,0.5977777777777777
558,lgbm,0.2233333333333333
559,lgbm,0.4344444444444444
560,lgbm,0.6033333333333333
561,lgbm,0.41888888888888887
562,lgbm,0.4655555555555556
563,lgbm,0.5466666666666667
564,lgbm,0.5266666666666666
565,lgbm,0.51
566,lgbm,0.5411111111111111
567,lgbm,0.47333333333333333
568,lgbm,0.35444444444444445
569,lgbm,0.47333333333333333
570,lgbm,0.3355555555555555
571,lgbm,0.43333333333333335
572,lgbm,0.461111111111111
573,lgbm,0.5211111111111111
574,lgbm,0.36444444444444446
575,lgbm,0.5444444444444444
576,lgbm,0.42777777777777776
577,lgbm,0.6644444444444444
578,lgbm,0.4177777777777778
579,lgbm,0.5255555555555556
580,lgbm,0.49333333333333335
581,lgbm,0.68
582,lgbm,0.49
583,lgbm,0.6255555555555556
584,lgbm,0.30222222222222217
585,lgbm,0.606111111111111
586,lgbm,0.35999999999999993
587,lgbm,0.4444444444444444
588,lgbm,0.29277777777777775
589,lgbm,0.47888888888888886
590,lgbm,0.5322222222222223
591,lgbm,0.5722222222222222
592,lgbm,0.5522222222222222
593,lgbm,0.5488888888888889
594,lgbm,0.3433333333333333
595,lgbm,0.2411111111111111
596,lgbm,0.4633333333333334
597,lgbm,0.5266666666666666
598,lgbm,0.4888888888888889
599,lgbm,0.46499999999999997
600,lgbm,0.62
601,lgbm,0.3883333333333333
602,lgbm,0.4644444444444445
603,lgbm,0.4988888888888889
604,lgbm,0.3188888888888889
605,lgbm,0.31333333333333335
606,lgbm,0.4144444444444445
607,lgbm,0.5677777777777777
608,lgbm,0.5155555555555555
609,lgbm,0.4866666666666666
610,lgbm,0.4733333333333333
611,lgbm,0.6055555555555556
612,lgbm,0.5355555555555556
613,lgbm,0.5599999999999999
614,lgbm,0.4922222222222222
615,lgbm,0.5716666666666667
616,lgbm,0.33777777777777773
617,lgbm,0.4411111111111111
618,lgbm,0.47444444444444445
619,lgbm,0.3511111111111111
620,lgbm,0.4488888888888889
621,lgbm,0.4555555555555556
622,lgbm,0.3866666666666666
623,lgbm,0.5683333333333334
624,lgbm,0.5122222222222222
625,lgbm,0.5011111111111111
626,lgbm,0.4288888888888889
627,lgbm,0.5122222222222221
628,lgbm,0.5255555555555556
629,lgbm,0.6222222222222222
630,lgbm,0.20777777777777776
631,lgbm,0.6455555555555555
632,lgbm,0.42000000000000004
633,lgbm,0.45666666666666667
634,lgbm,0.5544444444444444
635,lgbm,0.7066666666666668
636,lgbm,0.3127777777777777
637,lgbm,0.6211111111111112
638,lgbm,0.3844444444444445
639,lgbm,0.5311111111111111
640,lgbm,0.5855555555555556
641,lgbm,0.5872222222222222
642,lgbm,0.6527777777777778
643,lgbm,0.4766666666666666
644,lgbm,0.4488888888888889
645,lgbm,0.65
646,lgbm,0.7622222222222222
647,lgbm,0.4355555555555556
648,lgbm,0.46611111111111114
649,lgbm,0.5522222222222223
650,lgbm,0.6355555555555555
651,lgbm,0.5122222222222222
652,lgbm,0.3477777777777778
653,lgbm,0.43333333333333335
654,lgbm,0.5111111111111111
655,lgbm,0.7622222222222221
656,lgbm,0.3833333333333333
657,lgbm,0.42
658,lgbm,0.5455555555555556
659,lgbm,0.44999999999999996
660,lgbm,0.3166666666666667
661,lgbm,0.34888888888888886
662,lgbm,0.5133333333333333
663,lgbm,0.5122222222222222
664,lgbm,0.6905555555555555
665,lgbm,0.5033333333333334
666,lgbm,0.5166666666666666
667,lgbm,0.32555555555555554
668,lgbm,0.5266666666666666
669,lgbm,0.44777777777777783
670,lgbm,0.2288888888888889
671,lgbm,0.56
672,lgbm,0.4966666666666667
673,lgbm,0.5772222222222222
674,lgbm,0.5944444444444444
675,lgbm,0.45999999999999996
676,lgbm,0.45666666666666667
677,lgbm,0.45999999999999996
678,lgbm,0.5711111111111111
679,lgbm,0.3788888888888889
680,lgbm,0.33999999999999997
681,lgbm,0.4377777777777777
682,lgbm,0.40888888888888886
683,lgbm,0.2988888888888888
684,lgbm,0.6194444444444445
685,lgbm,0.28444444444444444
686,lgbm,0.3688888888888889
687,lgbm,0.5711111111111111
688,lgbm,0.3177777777777778
689,lgbm,0.5244444444444444
690,lgbm,0.39666666666666667
691,lgbm,0.35555555555555557
692,lgbm,0.3555555555555555
693,lgbm,0.5322222222222222
694,lgbm,0.41666666666666663
695,lgbm,0.6422222222222222
696,lgbm,0.3755555555555556
697,lgbm,0.59
698,lgbm,0.4888888888888888
699,lgbm,0.4677777777777778
700,lgbm,0.44777777777777783
701,lgbm,0.5055555555555555
702,lgbm,0.4722222222222222
703,lgbm,0.48222222222222216
704,lgbm,0.4777777777777778
705,lgbm,0.4772222222222222
706,lgbm,0.45166666666666666
707,lgbm,0.3522222222222222
708,lgbm,0.5177777777777779
709,lgbm,0.5033333333333333
710,lgbm,0.45111111111111113
711,lgbm,0.56
712,lgbm,0.41722222222222227
713,lgbm,0.3622222222222223
714,lgbm,0.34333333333333327
715,lgbm,0.23555555555555555
716,lgbm,0.3666666666666667
717,lgbm,0.5333333333333334
718,lgbm,0.4966666666666666
719,lgbm,0.2788888888888889
720,lgbm,0.4955555555555556
721,lgbm,0.42833333333333334
722,lgbm,0.41999999999999993
723,lgbm,0.4288888888888889
724,lgbm,0.4061111111111111
725,lgbm,0.3433333333333333
726,lgbm,0.54
727,lgbm,0.4855555555555555
728,lgbm,0.33777777777777773
729,lgbm,0.3022222222222222
730,lgbm,0.5105555555555555
731,lgbm,0.3933333333333333
732,lgbm,0.38999999999999996
733,lgbm,0.5366666666666666
734,lgbm,0.5733333333333333
735,lgbm,0.20555555555555555
736,lgbm,0.46333333333333326
737,lgbm,0.4455555555555556
738,lgbm,0.5377777777777777
739,lgbm,0.45555555555555555
740,lgbm,0.4522222222222222
741,lgbm,0.5011111111111111
742,lgbm,0.37111111111111117
743,lgbm,0.4011111111111111
744,lgbm,0.5411111111111112
745,lgbm,0.4233333333333333
746,lgbm,0.4066666666666666
747,lgbm,0.34444444444444444
748,lgbm,0.45555555555555555
749,lgbm,0.6533333333333333
750,lgbm,0.47888888888888886
751,lgbm,0.5622222222222222
752,lgbm,0.36777777777777776
753,lgbm,0.5422222222222223
754,lgbm,0.42555555555555546
755,lgbm,0.5461111111111111
756,lgbm,0.3811111111111111
757,lgbm,0.46444444444444444
758,lgbm,0.4655555555555555
759,lgbm,0.5355555555555556
760,lgbm,0.525
761,lgbm,0.3411111111111111
762,lgbm,0.5222222222222223
763,lgbm,0.29888888888888887
764,lgbm,0.4411111111111111
765,lgbm,0.4422222222222222
766,lgbm,0.4166666666666667
767,lgbm,0.2344444444444444
768,lgbm,0.3733333333333334
769,lgbm,0.40833333333333327
770,lgbm,0.32333333333333336
771,lgbm,0.3411111111111111
772,lgbm,0.2916666666666667
773,lgbm,0.39111111111111113
774,lgbm,0.2922222222222222
775,lgbm,0.4766666666666667
776,lgbm,0.5344444444444444
777,lgbm,0.46777777777777774
778,lgbm,0.4733333333333334
779,lgbm,0.39555555555555555
780,lgbm,0.5483333333333333
781,lgbm,0.5177777777777778
782,lgbm,0.3366666666666667
783,lgbm,0.3122222222222222
784,lgbm,0.6261111111111111
785,lgbm,0.44555555555555554
786,lgbm,0.3955555555555556
787,lgbm,0.42
788,lgbm,0.49777777777777776
789,lgbm,0.7777777777777778
790,lgbm,0.5716666666666667
791,lgbm,0.508888888888889
792,lgbm,0.18666666666666668
793,lgbm,0.3611111111111111
794,lgbm,0.4022222222222222
795,lgbm,0.43333333333333335
796,lgbm,0.3011111111111111
797,lgbm,0.4288888888888889
798,lgbm,0.39222222222222225
799,lgbm,0.498888888888889
800,lgbm,0.41388888888888886
801,lgbm,0.34611111111111115
802,lgbm,0.42277777777777775
803,lgbm,0.74
804,lgbm,0.5855555555555555
805,lgbm,0.3288888888888889
806,lgbm,0.40555555555555556
807,lgbm,0.55
808,lgbm,0.5633333333333334
809,lgbm,0.6577777777777778
810,lgbm,0.5377777777777778
811,lgbm,0.57
812,lgbm,0.5822222222222222
813,lgbm,0.6477777777777778
814,lgbm,0.39555555555555555
815,lgbm,0.5366666666666666
816,lgbm,0.6555555555555556
817,lgbm,0.5511111111111111
818,lgbm,0.4266666666666666
819,lgbm,0.3433333333333333
820,lgbm,0.46111111111111114
821,lgbm,0.5311111111111111
822,lgbm,0.61
823,lgbm,0.4722222222222222
824,lgbm,0.4644444444444445
825,lgbm,0.3422222222222222
826,lgbm,0.5611111111111111
827,lgbm,0.5955555555555556
828,lgbm,0.42444444444444446
829,lgbm,0.5388888888888889
830,lgbm,0.5844444444444444
831,lgbm,0.6633333333333333
832,lgbm,0.35444444444444445
833,lgbm,0.43
834,lgbm,0.5522222222222223
835,lgbm,0.41555555555555557
836,lgbm,0.5233333333333333
837,lgbm,0.5244444444444445
838,lgbm,0.3566666666666667
839,lgbm,0.44222222222222224
840,lgbm,0.53
841,lgbm,0.4766666666666667
842,lgbm,0.5377777777777777
843,lgbm,0.5011111111111112
844,lgbm,0.5444444444444445
845,lgbm,0.44666666666666666
846,lgbm,0.5922222222222222
847,lgbm,0.5455555555555556
848,lgbm,0.27888888888888885
849,lgbm,0.5477777777777778
850,lgbm,0.6144444444444445
851,lgbm,0.6199999999999999
852,lgbm,0.51
853,lgbm,0.4766666666666667
854,lgbm,0.5077777777777778
855,lgbm,0.45222222222222225
856,lgbm,0.6155555555555556
857,lgbm,0.3566666666666667
858,lgbm,0.5822222222222222
859,lgbm,0.6599999999999999
860,lgbm,0.39111111111111113
861,lgbm,0.5933333333333334
862,lgbm,0.6444444444444445
863,lgbm,0.5588888888888889
864,lgbm,0.7011111111111111
865,lgbm,0.4222222222222223
866,lgbm,0.5755555555555555
867,lgbm,0.47444444444444445
868,lgbm,0.5
869,lgbm,0.4088888888888888
870,lgbm,0.4855555555555556
871,lgbm,0.6355555555555557
872,lgbm,0.24888888888888888
873,lgbm,0.5111111111111111
874,lgbm,0.5800000000000001
875,lgbm,0.40388888888888885
876,lgbm,0.5061111111111112
877,lgbm,0.5094444444444445
878,lgbm,0.5633333333333334
879,lgbm,0.5533333333333335
880,lgbm,0.6822222222222223
881,lgbm,0.5388888888888889
882,lgbm,0.4666666666666667
883,lgbm,0.5466666666666666
884,lgbm,0.5883333333333334
885,lgbm,0.44666666666666666
886,lgbm,0.5311111111111111
887,lgbm,0.43222222222222223
888,lgbm,0.5377777777777778
889,lgbm,0.2966666666666667
890,lgbm,0.5805555555555555
891,lgbm,0.3355555555555555
892,lgbm,0.45333333333333337
893,lgbm,0.55
894,lgbm,0.38888888888888884
895,lgbm,0.52
896,lgbm,0.4233333333333333
897,lgbm,0.3433333333333333
898,lgbm,0.43888888888888883
899,lgbm,0.5888888888888889
900,lgbm,0.5322222222222223
901,lgbm,0.4222222222222223
902,lgbm,0.5377777777777777
903,lgbm,0.4355555555555556
904,lgbm,0.5788888888888889
905,lgbm,0.6444444444444445
906,lgbm,0.4344444444444444
907,lgbm,0.6522222222222223
908,lgbm,0.6233333333333333
909,lgbm,0.33055555555555555
910,lgbm,0.40444444444444444
911,lgbm,0.4022222222222222
912,lgbm,0.6277777777777779
913,lgbm,0.4044444444444445
914,lgbm,0.4622222222222222
915,lgbm,0.4011111111111111
916,lgbm,0.4766666666666667
917,lgbm,0.5427777777777778
918,lgbm,0.49777777777777776
919,lgbm,0.3933333333333333
920,lgbm,0.18888888888888888
921,lgbm,0.5349999999999999
922,lgbm,0.40777777777777785
923,lgbm,0.4955555555555555
924,lgbm,0.3577777777777778
925,lgbm,0.20444444444444443
926,lgbm,0.6366666666666667
927,lgbm,0.4922222222222222
928,lgbm,0.2677777777777778
929,lgbm,0.3333333333333333
930,lgbm,0.7388888888888889
931,lgbm,0.3
932,lgbm,0.5327777777777778
933,lgbm,0.5266666666666666
934,lgbm,0.33166666666666667
935,lgbm,0.2911111111111111
936,lgbm,0.20999999999999996
937,lgbm,0.3588888888888889
938,lgbm,0.45222222222222225
939,lgbm,0.34555555555555556
940,lgbm,0.5122222222222222
941,lgbm,0.6566666666666666
942,lgbm,0.4122222222222222
943,lgbm,0.5555555555555556
944,lgbm,0.38111111111111107
945,lgbm,0.37
946,lgbm,0.43777777777777777
947,lgbm,0.5366666666666667
948,lgbm,0.47
949,lgbm,0.6933333333333332
950,lgbm,0.3911111111111111
951,lgbm,0.4111111111111111
952,lgbm,0.41333333333333333
953,lgbm,0.6322222222222221
954,lgbm,0.4722222222222222
955,lgbm,0.17777777777777776
956,lgbm,0.5433333333333334
957,lgbm,0.6977777777777777
958,lgbm,0.39111111111111113
959,lgbm,0.5811111111111111
960,lgbm,0.5211111111111111
961,lgbm,0.6533333333333333
962,lgbm,0.5755555555555556
963,lgbm,0.5083333333333334
964,lgbm,0.5633333333333334
965,lgbm,0.49333333333333335
966,lgbm,0.42111111111111116
967,lgbm,0.6877777777777778
968,lgbm,0.6377777777777778
969,lgbm,0.46444444444444444
970,lgbm,0.3933333333333333
971,lgbm,0.6211111111111112
972,lgbm,0.76
973,lgbm,0.5077777777777778
974,lgbm,0.5933333333333334
975,lgbm,0.48444444444444446
976,lgbm,0.4011111111111111
977,lgbm,0.6655555555555556
978,lgbm,0.4355555555555556
979,lgbm,0.6277777777777778
980,lgbm,0.6144444444444443
981,lgbm,0.3177777777777778
982,lgbm,0.41555555555555557
983,lgbm,0.41
984,lgbm,0.4244444444444444
985,lgbm,0.5255555555555556
986,lgbm,0.4211111111111111
987,lgbm,0.4827777777777777
988,lgbm,0.48333333333333334
989,lgbm,0.5
990,lgbm,0.5111111111111111
991,lgbm,0.33499999999999996
992,lgbm,0.47444444444444445
993,lgbm,0.5977777777777777
994,lgbm,0.3566666666666667
995,lgbm,0.43333333333333335
996,lgbm,0.3133333333333333
997,lgbm,0.5266666666666666
998,lgbm,0.38222222222222224
999,lgbm,0.45999999999999996
