"","[Bacteroides] pectinophilus group","[Clostridium] innocuum group","[Eubacterium] brachy group","[Eubacterium] eligens group","[Eubacterium] fissicatena group","[Eubacterium] hallii group","[Eubacterium] nodatum group","[Eubacterium] oxidoreducens group","[Eubacterium] ruminantium group","[Eubacterium] siraeum group","[Eubacterium] ventriosum group","[Eubacterium] xylanophilum group","[Ruminococcus] gauvreauii group","[Ruminococcus] gnavus group","[Ruminococcus] torques group","Acetanaerobacterium","Acidaminococcus","Actinobacillus","Actinomyces","Adlercreutzia","Aeromonas","Agathobacter","Aggregatibacter","Agrilactobacillus","Akkermansia","Alistipes","Allisonella","Alloprevotella","Alloscardovia","Anaerococcus","Anaerofilum","Anaerofustis","Anaeroplasma","Anaerosporobacter","Anaerostignum","Anaerostipes","Anaerotruncus","Anaerovibrio","Angelakisella","Aquamonas","Asaccharobacter","Asaccharospora","Asteroleplasma","Atopobium","Bacillus","Bacteroides","Barnesiella","Bifidobacterium","Bilophila","Blautia","Brachyspira","Burkholderia-Caballeronia-Paraburkholderia","Butyricicoccus","Butyricimonas","CAG-352","CAG-56","CAG-873","Caldicoprobacter","Campylobacter","Candidatus Methanomethylophilus","Candidatus Soleaferrea","Capnocytophaga","Cardiobacterium","Catenibacillus","Catenibacterium","Catenisphaera","Cellulosilyticum","CHKCI002","Christensenella","Christensenellaceae R-7 group","Citrobacter","Cloacibacillus","Clostridioides","Clostridium sensu stricto 1","Colidextribacter","Collinsella","Comamonas","Companilactobacillus","Conservatibacter","Coprobacillus","Coprobacter","Coprococcus","Cuneatibacter","Defluviitaleaceae UCG-011","Delftia","Desulfovibrio","Dialister","Dielma","Dorea","DTU089","Eggerthella","Eisenbergiella","Enorma","Enterobacter","Enterococcus","Enterorhabdus","Epulopiscium","Erysipelatoclostridium","Erysipelotrichaceae UCG-003","Escherichia-Shigella","Eubacterium","Ezakiella","Faecalibacterium","Faecalicoccus","Faecalitalea","Family XIII AD3011 group","Family XIII UCG-001","Fenollaria","Finegoldia","Flavonifractor","Fournierella","Frisingicoccus","Fusicatenibacter","Fusobacterium","GCA-900066575","GCA-900066755","Gemella","Gordonibacter","Granulicatella","Haemophilus","Hafnia-Obesumbacterium","Harryflintia","Holdemanella","Holdemania","Howardella","HT002","Hungatella","Incertae Sedis","Intestinibacter","Intestinimonas","Klebsiella","Lachnoanaerobaculum","Lachnoclostridium","Lachnospira","Lachnospiraceae FCS020 group","Lachnospiraceae NC2004 group","Lachnospiraceae ND3007 group","Lachnospiraceae NK4A136 group","Lachnospiraceae NK4B4 group","Lachnospiraceae UCG-001","Lachnospiraceae UCG-003","Lachnospiraceae UCG-004","Lachnospiraceae UCG-008","Lachnospiraceae UCG-010","Lacticaseibacillus","Lactiplantibacillus","Lactobacillus","Lactococcus","Lactonifactor","Latilactobacillus","Lelliottia","Lentilactobacillus","Leptotrichia","Leuconostoc","Levilactobacillus","Libanicoccus","Ligilactobacillus","Limosilactobacillus","Mailhella","Marvinbryantia","Megamonas","Megasphaera","Merdibacter","Methanobrevibacter","Methanosphaera","Mitsuokella","Mogibacterium","Monoglobus","Morganella","Negativibacillus","Negativicoccus","Neisseria","NK4A214 group","Odoribacter","Olsenella","Oscillibacter","Oscillospira","Oxalobacter","Paeniclostridium","Paludicola","Papillibacter","Parabacteroides","Paraprevotella","Parasutterella","Parvimonas","Pediococcus","Peptococcus","Peptostreptococcus","Phascolarctobacterium","Phocea","Plesiomonas","Porphyromonas","Prevotella","Prevotella_7","Prevotella_9","Prevotellaceae Ga6A1 group","Prevotellaceae NK3B31 group","Prevotellaceae UCG-001","Prevotellaceae UCG-003","Prevotellaceae UCG-004","Proteus","Pseudoflavonifractor","Pseudomonas","Pygmaiobacter","Pyramidobacter","Ralstonia","Raoultella","Raoultibacter","Rikenella","Rikenellaceae RC9 gut group","Robinsoniella","Romboutsia","Roseburia","Rothia","Ruminiclostridium","Ruminococcus","S5-A14a","Sanguibacteroides","Sarcina","Scardovia","Selenomonas","Sellimonas","Senegalimassilia","Shuttleworthia","Slackia","Sneathia","Solobacterium","Staphylococcus","Stomatobaculum","Streptococcus","Subdoligranulum","Succinatimonas","Succiniclasticum","Succinivibrio","Sutterella","Terrisporobacter","TM7x","Turicibacter","Tuzzerella","Tyzzerella","UBA1819","UC5-1-2E3","UCG-002","UCG-003","UCG-004","UCG-005","UCG-007","UCG-008","UCG-009","Unknown","Veillonella","Victivallis","Weissella","Yokenella"
"ERR8157527",0,5,1,72,0,204,0,3,1420,0,18,43,45,5,176,0,0,0,0,7,0,157,0,0,7,40,0,0,0,0,3,0,0,0,0,122,2,0,0,0,0,0,0,0,0,4060,131,92,130,643,0,0,111,157,0,58,0,0,0,0,0,0,0,0,229,0,0,0,0,672,0,0,0,82,49,45,0,0,0,0,32,80,0,6,0,0,2211,0,252,26,0,0,0,0,0,0,0,0,2,620,0,1,9447,0,0,81,23,3,0,11,0,0,82,0,33,0,0,0,0,4,0,0,0,16,20,0,0,623,4,45,7,0,580,1143,19,0,31,1225,0,0,0,173,0,112,0,0,0,0,0,5,0,0,0,0,0,0,174,0,0,35,0,0,0,0,0,0,0,112,0,82,0,0,569,36,0,74,85,3,0,0,0,877,135,21,0,0,38,0,0,1,0,0,1150,0,18695,0,0,0,0,0,0,0,0,0,0,0,0,0,0,846,0,106,287,3,0,1060,0,0,0,0,0,0,0,0,0,0,0,0,0,36,160,0,0,0,1501,0,1,0,0,0,22,0,2079,388,70,3724,0,0,11,5593,74,252,3,0
"ERR8157528",0,0,0,1037,0,468,0,7,0,14,36,0,108,0,111,0,0,0,4,0,0,102,0,0,0,551,0,1718,0,0,0,0,0,0,0,28,0,0,0,0,0,0,0,0,0,3903,8,218,248,900,0,0,553,156,0,9,0,0,1,0,2,0,0,0,295,0,0,0,0,858,0,33,0,348,45,119,0,0,0,7,0,3442,0,16,0,0,2735,0,213,0,0,0,0,0,0,0,0,36,1,1365,0,0,6720,0,0,196,75,0,0,17,0,0,198,0,5,0,0,3,9,4,0,0,168,16,27,35,2,59,0,93,3385,0,407,582,17,4,31,684,0,0,0,191,0,403,0,35,9,0,0,725,0,0,0,24,0,0,496,225,0,53,0,0,0,10,5,0,5,56,0,352,0,0,941,64,0,44,0,65,0,4,0,474,174,25,3,0,4,0,2,0,0,0,216,0,12446,0,0,0,0,0,0,0,0,0,5,0,0,0,0,0,0,0,470,0,0,668,0,0,0,0,0,0,16,0,0,0,0,0,0,1535,332,0,0,0,938,0,0,0,0,0,5,0,4668,368,40,1323,0,0,59,6444,57,0,35,0
"ERR8157529",6,0,0,704,0,177,0,0,359,7,43,0,21,6,166,0,0,0,2,0,0,581,0,0,0,1383,0,0,0,0,0,0,0,0,0,232,3,0,0,0,0,0,0,0,1,11819,345,10,118,952,0,0,104,259,366,172,0,0,0,0,1,0,0,0,246,0,0,0,0,79,0,0,0,99,31,97,0,0,2,0,20,445,0,2,0,0,0,0,230,0,0,0,0,152,0,0,0,0,47,7,0,0,5766,0,0,13,6,0,0,32,18,0,164,0,12,0,0,0,0,130,0,0,117,6,16,0,1,2,24,17,3154,0,1153,1347,23,0,95,698,0,129,0,101,0,148,0,4,0,0,0,0,8,0,3,0,0,0,0,2,0,23,0,0,0,0,0,34,0,20,0,0,0,0,77,48,0,39,0,0,0,0,0,668,635,39,0,0,19,0,5839,0,0,0,0,0,26698,0,0,0,0,0,0,0,0,0,0,0,1,0,0,1095,0,83,429,0,0,134,0,0,0,0,0,0,11,0,0,0,0,0,0,65,374,0,0,0,1949,0,0,0,0,161,0,0,1186,201,0,1023,0,0,4,1683,49,32,13,0
"ERR8157530",51,0,0,639,1,185,0,0,571,656,17,16,17,0,13,0,0,0,0,2,0,652,0,2,3,477,0,2302,0,0,0,0,0,0,0,385,5,0,0,3,0,0,0,0,0,3473,22,122,325,484,0,0,249,431,0,2,0,0,0,0,16,0,0,0,40,0,0,0,0,344,0,8,0,54,31,148,2,0,3,0,1,397,0,0,0,0,1498,0,152,0,0,0,0,1,2,0,0,0,39,1239,0,1,5767,0,0,148,25,0,0,18,9,0,63,0,0,0,0,0,0,76,0,0,119,7,4,0,0,3,9,91,887,0,319,202,43,0,107,85,0,40,0,68,0,83,1,0,35,0,0,13,0,0,0,0,0,0,73,97,0,22,292,982,0,0,0,0,0,188,0,29,0,2,503,57,0,138,0,13,1,1,0,939,286,67,0,0,17,0,65,1,0,0,1940,0,17316,0,0,0,0,0,0,0,0,0,0,0,0,0,0,0,0,236,435,2,0,242,0,0,0,0,0,0,11,0,6,0,0,0,0,177,300,0,0,242,1700,1,0,14,1,0,8,0,2613,293,28,768,0,0,66,7653,86,26,65,0
"ERR8157531",375,0,0,1021,0,177,0,0,316,3,6,2,64,0,13,0,0,0,0,0,0,199,9,0,3,29,0,0,0,0,0,0,0,0,0,27,0,0,0,0,0,0,0,0,0,1872,7,1201,2,1196,0,0,58,0,53,12,147,0,1,0,2,0,0,0,333,0,0,0,0,87,0,0,0,1358,24,87,0,0,0,0,3,277,0,4,0,147,0,0,103,0,0,0,0,151,4,5,0,0,3,31,0,0,22112,0,0,3,0,0,0,0,160,0,16,0,23,0,0,0,0,395,1038,0,89,1,16,0,1,5,193,1,583,0,181,380,64,1,145,2063,0,47,3,154,0,4,3,3,0,4,0,9,360,0,0,0,0,0,0,1,4,43,0,0,0,0,0,55,0,7,0,0,0,5,48,12,6,6,4,0,0,0,0,113,88,8,0,0,26,0,3480,0,0,0,4179,77,21738,0,0,0,0,0,0,0,40,0,0,0,280,0,0,34,0,7,107,3,0,444,0,0,0,0,0,0,34,0,14,0,0,0,0,96,238,0,0,0,236,170,0,9,0,0,0,0,305,173,10,240,0,0,30,6283,192,0,17,0
"ERR8157532",0,0,0,130,2,247,0,0,1821,50,40,59,41,0,120,0,0,0,0,0,0,524,0,0,1722,349,19,0,0,0,0,0,0,0,0,237,2,0,0,0,0,2,26,0,0,8071,154,0,129,1570,0,0,204,101,0,28,713,0,0,0,1,0,0,0,0,0,0,0,0,647,14,0,0,343,127,169,0,0,0,0,0,681,0,9,0,0,0,0,303,0,0,0,0,19,0,7,0,0,107,106,0,0,14520,0,0,80,50,0,0,5,78,0,95,0,33,0,0,0,0,0,13,0,274,7,25,0,0,30,111,46,36,0,792,957,79,2,202,415,0,296,2,177,0,72,0,0,0,0,0,9,43,0,0,2,0,0,0,3,0,151,446,0,0,0,0,91,0,212,0,76,0,0,1109,230,14,93,17,19,0,18,0,454,709,7,0,0,33,0,3014,6,0,0,1493,1179,13968,0,0,0,0,0,0,0,236,0,0,0,4,0,0,0,0,124,692,0,0,354,0,2,0,0,0,0,12,0,18,0,0,0,0,0,225,0,0,0,1320,20,2,8,0,0,0,0,1610,583,10,1098,0,0,29,8480,0,29,7,0
"ERR8157533",0,0,0,419,0,164,0,0,101,0,7,12,42,0,27,0,0,0,7,0,0,1133,0,0,2,117,0,0,6,0,0,0,0,0,3,15,0,0,0,8,0,0,0,0,0,1463,5,9,4,388,0,0,80,28,0,22,0,0,9,0,0,0,0,0,20,0,0,0,0,34,0,0,0,354,60,19,0,0,3,0,0,579,0,1,0,2,396,0,174,0,0,0,0,1,11,1,0,0,0,13747,0,0,2272,0,0,10,13,0,0,0,22,0,17,236,6,0,0,0,0,637,0,0,123,0,6,2664,0,0,0,40,308,6,546,239,12,0,89,267,0,30,0,371,0,255,0,23,1465,22,0,13,1,0,196,5,4,0,2803,4,0,9,0,94,0,0,0,0,0,85,0,0,0,2,89,42,2,0,0,0,0,0,0,420,31,0,0,0,0,0,2,0,149,0,2992,12,15711,0,0,0,0,0,0,0,0,0,0,0,0,0,0,0,0,0,591,4,0,102,0,0,0,0,0,0,5,0,2,0,0,0,5,1317,88,0,0,0,420,0,0,0,0,0,0,0,224,183,1,37,0,0,4,2020,7263,29,15,0
"ERR8157534",0,0,0,216,0,393,0,0,738,0,169,0,216,49,421,0,0,0,0,9,0,796,0,0,2555,522,0,0,0,0,0,0,0,0,0,108,0,0,0,0,0,0,0,0,0,2416,113,228,35,955,0,0,116,55,0,0,0,0,0,0,0,0,0,0,0,0,0,0,0,234,0,0,0,0,51,124,0,0,0,0,33,705,0,0,0,3,862,0,325,2,1,0,0,3,2,0,0,2,210,2773,0,0,3779,0,0,77,6,0,0,8,0,0,234,0,6,0,0,0,0,43,0,0,158,3,0,0,3,17,0,57,0,0,1032,739,25,0,51,153,0,138,0,205,2,134,0,0,2,0,0,2,0,0,0,4,0,0,0,0,0,12,9218,0,0,0,0,0,0,118,0,84,0,0,105,73,0,45,2,0,0,0,0,188,0,62,0,0,7,0,8,0,0,0,4406,0,14598,0,0,0,0,0,0,0,0,0,0,0,0,0,0,0,0,245,325,0,0,633,0,0,0,0,0,0,0,0,0,0,0,0,0,98,365,0,0,0,759,0,0,0,0,0,26,0,975,184,42,245,0,0,3,1083,16,4,1,0
"ERR8157535",0,474,0,0,0,324,0,0,0,0,96,0,35,146,11,0,0,0,8,0,0,0,0,0,0,0,0,0,0,0,0,0,0,225,6,386,0,0,0,0,0,0,0,0,0,73,0,1562,0,5040,0,0,0,0,0,0,0,0,5,0,0,0,0,0,0,0,52,26,0,0,331,0,12,132,0,0,0,0,4,2,0,3,0,0,0,0,1084,0,0,0,0,482,0,62,99,0,11,1268,46,1827,0,0,0,0,5409,0,0,1,0,695,0,0,0,254,0,0,0,0,0,649,0,0,0,0,0,0,0,0,189,0,138,0,791,4592,0,0,0,0,0,0,0,2,0,0,2,0,0,37,0,57,2,0,23,21,0,0,4,15,0,0,0,0,0,0,0,0,0,9,0,0,0,2,0,0,0,1,0,0,0,0,0,43,0,0,0,0,0,0,0,0,0,1,345,27231,0,0,0,0,0,0,34,0,0,0,0,1,87,0,0,0,44,50,6652,7,0,13,0,0,0,0,5,0,0,0,4,0,0,0,0,112,0,0,0,0,0,0,4,0,0,436,0,0,0,0,0,0,0,0,0,1471,4560,0,55,0
"ERR8157536",0,0,0,553,0,503,0,0,0,3,81,0,165,0,185,0,0,0,22,26,0,1048,0,0,101,625,67,0,0,0,0,0,0,0,0,1049,0,0,0,0,2,0,0,2,0,5833,153,811,20,2820,0,0,305,34,0,233,0,0,4,0,0,0,0,0,0,0,0,0,0,53,0,0,0,170,99,309,10,0,0,0,0,623,0,0,0,0,806,0,759,0,0,0,0,217,0,0,0,0,239,13,0,0,13336,0,0,5,6,0,0,4,46,0,427,0,14,0,0,5,0,753,0,0,1481,2,48,0,0,25,53,53,244,0,254,349,221,0,83,674,0,51,0,152,0,17,0,0,0,1,0,3,0,0,0,7,0,0,401,0,0,81,259,2,0,0,0,0,0,54,0,2,0,0,67,14,0,8,9,0,0,0,0,601,162,7,0,0,0,0,0,0,0,0,0,0,19644,0,0,0,0,0,0,0,0,0,0,0,0,0,0,0,0,128,107,5,0,542,0,0,0,0,4,0,0,0,0,0,190,0,0,604,723,0,0,0,1517,14,0,25,0,0,0,0,970,322,57,170,0,0,0,2572,312,12,194,0
"ERR8157537",454,0,104,717,13,6329,0,4,120,87,5,3,511,0,726,0,0,0,118,10,0,7,0,0,2,15,0,485,1,0,0,3,0,0,0,21836,2,0,0,0,0,0,0,3,4,1676,9,747,134,8741,206,0,409,1,20,32,0,0,0,0,12,0,0,0,2881,0,0,0,14,576,0,131,0,41,29,2515,0,0,0,0,0,1577,0,31,0,1,3234,0,477,0,0,9,0,0,0,277,0,1,9951,0,55,0,4685,0,0,191,50,0,0,4,19,0,245,0,0,0,0,0,0,24,0,0,1040,15,190,0,1,244,0,365,0,0,86,305,63,0,117,198,0,90,18,55,0,11,0,0,0,0,5,161,0,0,0,161,0,0,5,1,0,293,0,2,0,130,200,0,0,203,0,3,0,2,1095,1,0,40,1,19,0,3,0,121,0,0,0,0,0,0,165,1,0,0,303,21,458,0,0,0,0,0,0,0,0,0,0,4,0,12,0,392,0,91,393,34,0,552,0,0,0,0,0,0,574,0,213,0,8,0,0,109,1532,0,0,0,101,0,6,9,0,0,52,0,2728,148,0,1653,0,0,18,9592,84,4,547,0
"ERR8157538",0,4,17,1895,2,1834,0,0,587,43,120,27,76,0,826,0,0,0,0,93,0,0,0,0,0,6898,0,0,0,0,1,1,0,0,0,618,18,0,0,0,0,0,14,0,0,7612,285,279,490,2235,0,0,165,525,74,116,0,0,0,0,15,0,0,0,0,7,0,0,4,1459,0,0,0,809,60,269,0,0,0,0,0,1020,0,0,0,0,0,0,754,0,8,0,0,0,0,0,0,3,1083,29,11,0,8544,0,0,205,61,0,0,2,0,0,562,0,45,0,0,2,0,0,0,0,0,47,0,0,5,139,31,14,103,0,250,944,50,0,149,516,0,21,0,13,0,274,0,0,0,0,2,0,0,0,0,0,0,0,0,0,0,183,47,0,0,0,0,22,0,121,0,151,0,0,635,1160,0,149,0,0,0,4,0,1700,230,14,0,0,21,0,3502,10,0,0,187,0,1134,409,0,0,0,0,0,0,0,0,0,0,0,7,0,0,0,772,359,0,0,200,0,0,18,0,0,0,60,0,0,0,0,0,0,34,635,0,0,0,346,3,10,4,0,0,31,0,6595,58,260,2267,0,0,61,10419,0,215,0,0
"ERR8157539",0,0,0,415,0,592,0,3,2028,1666,50,17,97,0,8,4,0,0,0,9,0,476,0,0,0,64,0,1048,0,0,0,0,0,0,0,257,9,0,0,0,0,0,0,0,0,1376,2,46,107,1137,0,0,175,88,390,23,0,0,0,0,4,0,0,0,356,0,0,0,0,644,0,14,0,20,65,220,0,0,0,0,84,195,0,9,0,0,685,0,335,3,1,1,0,0,0,7,0,2,9,15549,1,0,4148,0,0,397,61,0,0,0,0,0,133,0,8,0,0,0,0,2,0,0,85,11,55,0,0,47,0,8,65,0,418,823,53,0,161,258,7,115,10,168,0,179,0,1,1863,0,2,1,0,0,0,0,0,0,0,18,0,178,0,0,0,8,13,0,0,332,0,0,0,0,488,108,0,45,6,11,0,1,0,279,731,53,0,0,51,0,1943,0,0,0,2791,0,10930,0,0,0,0,0,0,0,0,0,0,0,0,0,0,778,0,1,146,0,0,384,0,0,0,0,0,0,0,0,0,0,0,0,0,33,613,0,0,0,5,0,0,0,0,0,2,0,1117,85,9,629,0,0,29,8441,28,17,1,0
"ERR8157540",432,0,0,1540,0,134,0,0,54,679,16,381,67,0,72,0,0,0,3,0,0,198,0,0,0,677,0,0,0,0,0,0,0,0,0,815,5,0,0,0,0,0,19,0,3,7872,14,30,68,663,0,0,106,214,134,160,0,0,0,0,19,0,0,0,0,0,0,0,0,2410,0,134,0,321,36,48,0,0,2,0,0,96,0,2,0,111,0,0,223,0,1,17,0,0,61,0,1,4,308,404,0,0,5763,0,0,298,32,0,0,2,122,0,112,0,47,0,0,3,0,24,0,0,319,2,29,0,7,42,180,32,0,0,429,184,22,0,122,659,30,209,618,206,1,29,0,0,0,0,0,0,0,0,0,0,0,0,0,0,0,32,0,0,0,7,0,0,0,224,0,0,0,0,772,92,0,56,0,64,0,0,0,796,70,80,0,0,41,0,1001,0,0,158,2275,0,478,0,1674,0,2669,0,0,0,52,0,0,0,0,1,0,643,0,415,433,0,0,1240,0,12,0,0,0,0,33,0,0,0,34,0,0,4,318,0,0,0,360,51,0,175,0,0,8,0,2838,305,41,1907,0,0,78,8101,44,96,4,0
"ERR8157541",10,0,0,1189,0,193,0,0,34,79,12,56,111,1,95,0,0,0,2,0,0,1983,0,4,0,40,14,3100,0,0,0,0,0,0,0,209,0,0,0,0,0,0,0,0,0,645,8,10,44,1346,99,0,231,41,0,39,0,0,4,0,0,0,0,0,908,0,0,0,0,127,0,0,0,564,53,78,0,0,0,0,0,141,0,0,0,0,511,0,273,0,0,0,0,0,0,0,0,0,87,5,0,0,12221,0,0,12,24,0,0,1,29,0,146,0,14,0,0,0,0,279,0,0,254,2,8,0,0,16,270,46,316,0,440,1220,71,0,112,677,0,2,741,110,0,48,0,0,0,0,0,23,0,0,0,0,0,0,87,1,0,70,0,0,0,0,6,0,0,87,0,10,0,0,75,23,0,12,0,0,0,0,0,169,159,2,0,0,41,0,541,0,0,0,786,0,24590,0,161,42,0,0,0,0,0,0,0,0,0,0,0,70,0,334,1165,9,0,615,0,0,0,0,0,0,19,0,0,0,46,0,0,527,404,0,0,0,558,44,0,82,0,0,0,0,661,298,18,502,0,0,1,5096,263,0,35,0
"ERR8157542",0,3,0,1738,2,822,0,0,620,39,436,43,90,1,81,0,0,0,0,0,0,781,0,0,17,4398,0,0,0,0,0,0,0,0,0,376,5,0,0,0,0,1,0,0,0,14209,0,2064,423,3692,0,0,350,167,2955,90,0,0,0,0,0,0,0,0,0,0,0,0,0,2945,0,0,0,1230,29,60,0,0,0,7,237,430,0,6,0,0,98,0,711,7,36,10,0,0,21,0,0,12,0,16,0,0,6009,0,0,0,0,0,0,38,0,0,513,0,0,0,1,0,0,120,0,0,247,13,61,0,7,96,167,13,5,0,764,596,89,4,194,1797,0,173,129,214,0,178,0,0,13,0,2,515,0,0,0,41,0,0,0,0,0,45,0,0,0,0,0,0,0,289,0,0,0,0,319,0,0,83,9,0,0,0,0,3295,1075,0,0,0,0,0,2815,13,0,0,323,0,0,0,0,0,0,0,0,0,0,0,8,0,0,0,0,0,0,769,323,2,0,929,0,0,0,0,0,0,0,0,0,0,135,0,0,13,928,0,0,0,0,39,0,7,0,0,14,0,2221,441,0,1490,0,0,0,4170,91,0,90,0
"ERR8157543",1700,0,0,162,0,761,0,1,695,1107,120,345,164,0,333,0,0,0,12,0,0,962,0,0,0,3,0,3069,0,0,0,1,0,0,0,597,0,1275,0,0,0,0,0,0,0,2338,100,35,97,1439,0,0,321,128,2761,71,0,6,2,0,36,0,0,0,706,10,0,0,0,673,0,53,0,1051,105,73,1,0,0,2,0,856,0,16,0,526,0,0,618,0,0,0,0,5,0,8,0,0,73,12,3,0,3390,0,0,538,99,0,0,0,66,0,92,24,33,0,1,0,0,207,0,0,818,0,48,0,0,57,67,92,4,0,365,457,81,0,158,538,3,115,12,201,0,131,0,0,0,13,0,19,0,0,4,8,0,0,18,0,0,268,0,10,0,3,21,256,0,169,0,22,0,6,1566,122,18,132,0,0,4,4,0,459,163,9,0,0,21,0,2969,0,0,0,2303,0,23271,0,90,0,928,191,0,0,0,0,0,5,0,1,0,1020,0,718,294,7,0,1551,0,7,0,0,0,0,26,0,11,0,32,0,0,119,283,0,0,0,143,35,0,14,0,31,2,0,4038,564,31,1488,0,3,71,19144,270,32,5,0
"ERR8157544",0,0,0,2570,0,239,0,0,0,23,19,5,10,12,94,0,0,0,4,4,0,0,0,0,0,1813,0,0,0,0,0,0,0,0,0,306,6,0,0,0,0,0,0,0,0,8075,610,28,0,1783,0,0,81,538,189,0,0,0,0,0,2,0,2,0,0,0,0,0,0,379,0,4,0,2,22,15,0,0,0,0,4,836,0,19,0,8,22,2,230,0,0,0,0,0,20,2,0,0,165,585,0,0,7357,0,0,35,13,0,0,6,0,0,156,0,20,0,5,0,0,116,0,0,571,0,0,0,2,21,0,11,0,0,313,194,136,0,40,1256,0,0,0,172,4,151,0,0,0,0,0,168,0,0,0,39,0,0,0,0,0,41,0,0,0,0,2,0,0,136,0,0,0,0,56,181,0,17,21,0,0,0,0,1116,230,5,0,0,0,3,3426,2,0,0,0,0,23447,1052,0,0,0,0,0,0,4,0,4,0,0,3,0,104,0,2,1582,15,0,184,0,0,0,0,0,0,5,0,0,0,0,0,0,1662,261,0,0,0,845,0,0,0,0,0,8,0,2581,357,0,154,0,0,11,2198,173,0,7,0
"ERR8157545",0,0,0,127,0,249,0,0,112,16,89,0,37,0,56,0,18,0,0,0,0,1859,0,0,24,46,16,0,0,0,0,0,0,0,0,114,1,0,0,0,0,0,0,0,0,3933,80,44,19,1292,0,0,93,11,21,209,0,0,0,0,0,0,0,0,156,0,0,0,0,251,0,0,0,1959,37,106,0,0,0,0,0,730,0,0,0,6,606,0,338,0,0,0,0,0,9,0,0,0,4,0,0,0,9115,0,0,27,25,0,0,0,0,0,163,7,25,0,1,0,0,141,0,0,122,0,28,0,0,7,59,0,3116,0,247,470,23,1,87,264,0,0,0,233,0,79,0,0,0,0,0,4,0,0,0,0,0,0,37,2,0,45,0,0,0,0,0,23,0,129,0,14,0,0,99,81,0,6,12,0,0,2,0,358,38,2,0,0,28,0,11,0,0,0,2194,0,26478,0,0,0,0,0,0,0,0,1,0,0,0,0,0,38,0,52,549,3,0,247,0,0,0,0,0,0,22,0,0,0,43,0,0,219,203,0,0,0,488,0,0,0,0,0,0,0,984,455,0,448,0,0,6,4826,82,15,8,0
"ERR8157546",0,0,0,1227,0,365,0,2,1647,335,19,0,58,0,188,0,0,0,1,2,0,894,0,0,0,35,5,1470,3,0,0,0,0,0,0,983,11,0,0,0,0,0,279,0,0,933,22,486,71,1242,0,0,293,77,0,0,0,0,10,0,21,0,0,0,34,2,0,0,4,333,4,5,0,382,113,89,2,5,0,0,0,236,0,20,0,7,3,0,390,0,0,7,0,2,0,0,6,0,6,2,0,1,6594,0,0,55,9,2,0,4,46,0,75,4,9,0,1,0,0,96,0,0,219,7,5,0,0,24,1107,2,0,0,459,410,41,0,86,964,0,230,0,266,0,32,0,38,0,3,0,3108,0,0,1,38,55,0,0,0,0,22,0,0,0,0,5,0,0,23,0,0,0,0,606,101,0,20,2,2,36,0,0,278,38,5,0,24,19,0,1705,0,0,0,1190,483,24434,0,0,0,1463,0,0,0,0,0,0,0,0,3,0,1653,0,276,746,0,0,582,0,0,0,0,0,0,17,0,1,0,0,0,0,542,272,0,0,0,735,104,0,24,0,0,8,0,2069,521,15,1467,0,0,114,6558,1206,35,286,0
"ERR8157547",1111,1,0,387,0,1200,0,0,0,1131,666,726,356,0,70,0,0,0,7,4,0,1270,0,0,0,516,0,0,0,0,0,0,0,0,0,2585,7,0,0,0,0,0,0,0,0,4324,0,103,176,3509,0,0,332,110,39,349,0,0,4,4,0,0,0,0,116,60,0,0,0,672,0,0,0,33,150,74,0,0,0,0,0,892,0,49,0,0,0,0,704,0,0,0,0,4,0,0,0,0,27,39,0,5,6223,0,0,84,13,0,0,0,0,0,78,0,97,0,0,0,0,200,0,0,598,3,0,0,1,35,7,97,0,0,587,453,73,0,118,294,0,242,14,400,0,277,0,0,0,0,0,174,0,0,46,56,0,0,1307,19,0,163,0,0,0,0,0,0,0,97,0,51,0,0,838,169,0,38,3,25,0,0,0,241,135,79,0,0,22,0,1932,8,0,0,6582,0,13946,0,0,0,0,0,0,0,138,0,0,1,0,0,0,0,0,22,649,26,9,755,0,0,0,0,0,0,0,0,42,0,0,0,0,3023,329,0,0,0,853,0,0,4,0,85,2,0,2226,330,75,2047,0,0,10,12940,244,0,20,0
"ERR8157548",0,4,0,362,2,795,0,0,0,0,24,0,68,0,124,0,0,0,5,47,0,401,0,0,6105,3111,6,0,0,0,2,0,0,0,0,2576,9,0,0,0,0,3,0,0,0,5940,0,5001,188,2631,0,0,1,218,0,34,0,0,0,0,0,0,0,0,872,0,0,0,6,2694,0,55,0,258,33,645,0,0,0,0,0,532,0,47,0,14,3478,0,437,3,5,0,0,0,5,0,0,21,18,2042,2,0,10494,0,0,101,34,0,0,13,4,0,887,0,11,0,0,0,0,10,0,0,0,6,0,6,12,118,337,13,0,0,248,901,117,2,214,367,0,0,0,52,1,19,0,0,66,0,0,53,0,0,0,10,0,0,111,54,0,65,0,0,0,0,0,0,0,0,0,47,0,0,816,648,19,80,3,17,0,0,0,653,0,34,0,0,0,0,0,0,0,0,1316,0,377,0,451,0,0,0,0,0,0,0,1,0,0,3,0,0,0,462,248,0,0,1330,0,0,0,0,0,0,0,0,0,0,0,0,0,14,635,0,0,0,681,72,0,127,0,0,16,0,4309,879,0,603,0,0,5,6609,2,73,0,0
"ERR8157549",0,25,12,1617,2,320,12,0,368,313,367,114,0,76,691,1,0,0,0,15,0,144,0,0,0,990,0,0,0,5,0,2,0,0,2,300,36,0,0,0,0,0,0,0,0,20627,2922,151,37,909,0,0,72,649,1361,218,0,0,5,0,6,0,0,0,0,0,0,0,0,333,0,0,0,209,89,170,0,0,0,6,0,139,0,0,0,0,0,0,226,7,1,0,0,0,0,0,0,57,323,13,0,0,5663,0,0,101,0,0,4,75,0,0,655,588,3,0,0,4,0,262,0,0,0,55,0,6,29,156,418,5,0,0,294,2317,16,0,51,521,0,5,177,17,0,28,0,0,381,0,3,2,0,0,0,0,0,0,5133,129,0,18,0,0,0,0,0,0,0,325,0,7,3,0,203,359,0,166,1,0,0,2,0,2610,972,0,0,0,0,0,3696,12,0,8,0,0,0,0,0,0,0,0,0,0,0,0,73,3,0,0,0,0,0,432,316,7,0,1753,0,0,0,8,0,33,0,0,0,0,0,0,0,3129,0,0,0,0,1972,138,2,3,0,0,89,0,2497,175,0,227,0,0,0,3663,1167,2,1,0
"ERR8157550",0,3,0,584,0,565,0,0,537,0,74,0,341,0,114,0,0,0,0,0,0,597,0,0,0,469,0,0,1,0,0,2,0,0,21,1019,1,0,7,0,0,0,0,0,0,29368,0,1318,0,2373,0,0,284,378,0,58,0,0,0,0,0,0,0,0,0,0,0,0,0,5,0,0,0,235,175,145,0,0,0,0,0,271,0,0,0,3,21,0,200,0,13,2,0,0,0,0,0,0,488,18,0,0,9077,0,2,8,0,0,0,215,6,0,1325,0,0,0,0,0,0,0,0,0,0,5,0,0,12,48,20,47,0,0,1112,1693,36,2,126,441,0,196,0,337,0,0,13,0,0,0,2,0,0,0,0,0,0,0,0,2,0,8,16211,0,5,0,0,0,0,2,0,29,0,0,493,0,0,271,0,0,0,0,0,749,651,1209,0,0,0,0,0,0,0,0,0,0,0,0,0,0,0,0,0,0,0,0,0,2,0,0,0,0,0,14,391,1,0,1872,0,0,0,0,0,2,0,0,0,0,0,0,0,39,318,0,0,0,0,0,0,0,90,47,19,0,162,152,0,36,0,0,0,15428,34,0,9,0
"ERR8157551",0,0,1,7504,0,268,0,0,0,0,148,9,68,276,234,0,0,0,1,12,0,1111,0,0,392,1391,0,0,19,0,0,0,0,0,0,752,3,0,0,0,0,0,0,1,0,33881,0,582,0,1953,0,0,276,0,2814,0,0,0,0,0,4,0,0,0,0,0,0,2,0,0,0,0,0,88,123,143,0,0,0,0,0,165,0,0,0,0,135,0,219,0,8,0,0,0,5,0,0,12,203,866,0,0,6392,0,51,0,11,0,0,61,0,0,215,0,7,0,0,0,0,3,0,0,0,26,0,0,0,21,103,1,0,0,1208,2085,10,1,120,441,0,0,0,191,0,107,0,0,6,0,0,0,0,0,0,0,0,0,5,2,0,8,0,0,0,0,0,0,0,171,0,10,0,0,35,0,0,200,0,0,0,0,0,541,799,0,0,0,0,0,2466,0,0,0,0,0,0,0,0,0,0,0,0,0,0,0,0,0,0,0,0,0,0,4,429,0,0,14,0,0,0,0,0,0,0,0,0,0,0,0,0,140,1511,0,0,0,908,0,0,10,0,7,0,0,493,346,0,22,0,0,0,1226,81,0,0,0
"ERR8157552",0,0,0,0,0,767,0,0,0,0,11,0,42,0,148,0,0,0,2,0,0,301,0,0,0,9,0,0,0,0,0,0,0,0,0,4886,0,0,0,0,0,0,0,0,47,3857,0,9120,0,1972,0,0,579,0,0,0,0,0,0,0,0,0,0,0,0,0,0,23,0,5,0,0,0,3069,0,2456,0,0,0,0,0,72,0,0,0,0,0,0,289,0,0,0,0,0,4,0,0,0,271,4,1,0,19200,0,0,0,0,0,0,3,0,0,1363,0,0,0,0,1,0,8,0,0,0,0,0,0,0,16,6,0,14,0,502,6697,0,0,313,33,0,0,0,176,1,80,0,0,93,0,0,0,0,0,0,0,0,0,0,0,0,13,0,0,0,0,0,0,0,150,0,0,0,0,0,0,0,0,0,0,0,0,0,49,0,4,0,0,0,0,0,0,0,0,0,0,2,0,0,0,0,0,0,0,0,0,0,0,0,0,0,0,0,417,38,0,0,44,0,0,0,0,0,1,0,0,0,0,0,0,0,32,571,0,0,0,2514,0,0,0,0,1013,0,0,2,46,0,0,0,0,0,700,37,0,4,0
"ERR8157553",0,0,0,20,0,205,0,0,1,0,21,23,161,0,5,0,0,0,0,11,0,151,0,0,50,977,0,0,0,0,0,0,0,0,0,791,0,0,0,0,0,0,0,0,0,1809,177,0,39,4734,0,0,129,21,0,144,0,0,1,0,0,0,0,0,0,0,0,0,0,151,0,0,0,1074,10,156,0,0,0,0,1,397,0,0,0,0,14,0,392,0,0,0,0,18,4,0,0,0,278,96,0,0,18704,0,0,3,0,0,0,3,0,0,193,0,0,0,0,0,0,98,0,0,0,2,13,0,0,8,162,17,12,0,659,1117,105,0,424,1300,0,321,0,250,1,7,0,0,0,1,0,0,0,0,0,3,0,0,0,0,0,63,0,0,0,0,0,0,0,45,0,0,0,0,125,25,0,28,8,0,0,0,0,35,117,115,0,0,0,0,1301,0,0,0,0,0,37108,0,0,0,0,0,0,0,8,0,0,1,0,2,0,0,0,225,114,1,0,550,0,0,0,0,2,0,0,0,0,0,0,0,0,163,1059,0,0,0,355,133,0,466,0,177,8,0,511,193,10,387,0,0,0,2052,92,4,9,0
"ERR8157554",0,0,2,1449,0,258,0,0,0,0,41,0,79,0,25,0,390,0,0,7,0,42,0,0,41,780,8,0,0,0,0,0,0,0,0,160,0,0,0,0,0,0,0,0,0,839,149,431,46,840,0,0,158,130,0,57,0,0,0,0,0,0,0,0,311,0,0,0,0,45,0,0,0,410,14,114,0,0,9,0,15,345,0,0,0,0,817,0,230,0,0,1,0,0,1,0,2,0,7,30,0,0,11101,0,0,2,20,0,0,1,0,0,100,0,15,0,0,0,0,254,0,0,39,0,0,0,0,391,674,4,0,0,323,1988,20,0,68,343,0,6,0,240,0,28,0,0,0,0,0,0,0,0,1,0,0,0,595,94,0,27,0,684,0,0,0,1397,0,215,0,0,0,0,419,0,0,17,0,0,3,0,0,279,42,173,0,0,52,0,0,0,0,0,0,0,52205,0,0,0,0,0,0,0,0,0,26,0,0,0,0,0,0,73,215,2,0,1347,0,0,0,0,0,0,12,0,8,0,0,0,0,357,494,0,0,0,0,43,0,291,0,0,4,0,363,232,0,392,0,0,0,3226,755,0,0,0
"ERR8157555",0,0,0,74,0,348,0,2,0,0,16,0,106,0,10,0,0,0,0,20,0,1713,0,0,0,788,0,0,0,0,0,0,0,0,0,1000,5,0,0,0,0,0,0,0,0,25667,0,3622,0,1251,0,0,152,207,0,0,0,0,0,0,2,0,0,0,611,0,0,0,5,0,0,2,0,91,70,212,0,0,0,0,53,275,0,109,0,0,0,0,215,5,3,0,0,0,0,12,0,0,0,1,0,0,13193,0,0,59,54,0,0,7,0,0,548,0,0,0,0,2,0,27,0,0,0,18,0,0,1,49,2,9,2,0,478,1521,48,0,288,965,0,29,0,249,0,429,0,0,20,0,0,0,0,0,0,0,0,0,79,111,0,17,0,0,0,0,0,0,0,154,0,20,0,0,207,253,0,54,22,0,0,2,0,930,489,0,0,0,15,0,2222,6,0,0,0,0,0,0,0,0,0,0,0,0,0,0,0,0,0,1,0,0,0,80,204,1,0,190,0,0,0,0,0,0,0,0,27,0,0,0,0,56,407,0,0,0,2327,0,0,0,0,0,14,0,2868,600,0,200,0,0,0,4522,92,113,0,0
"ERR8157556",0,13,0,1468,0,486,0,0,0,165,151,0,107,13,10,0,0,0,0,0,0,0,0,0,0,0,0,0,0,0,0,0,0,0,0,405,0,0,0,0,0,0,0,0,0,41038,0,236,0,2338,0,0,291,0,0,0,0,0,0,0,0,0,0,0,0,0,0,0,0,0,0,0,0,0,74,18,0,0,0,0,0,161,0,0,0,0,869,0,66,0,0,0,0,0,78,0,0,11,250,0,0,0,12383,0,0,0,0,0,0,426,0,0,578,0,38,0,0,0,0,172,0,0,0,0,0,0,0,0,23,0,0,0,2090,2224,0,0,0,1908,0,0,0,669,0,0,0,0,0,0,0,0,0,0,0,0,0,0,3,0,0,0,0,0,0,0,0,0,0,185,0,0,0,0,0,0,0,0,0,0,0,0,0,462,0,0,0,0,0,0,0,0,0,0,0,0,0,0,0,0,0,0,0,0,0,0,2,0,0,0,0,0,0,1,1905,0,0,0,0,0,0,0,0,35,25,0,0,0,0,0,0,19,989,0,0,0,905,0,0,0,0,468,0,0,0,563,0,80,0,0,0,2130,174,0,0,0
"ERR8157557",0,0,0,357,0,473,0,0,65,43,22,0,98,0,76,0,0,0,0,8,0,987,0,0,0,235,0,2326,0,0,0,0,0,0,0,505,0,0,0,0,0,0,0,0,0,2828,0,248,74,1982,0,0,185,26,4,20,0,0,0,0,0,0,0,0,458,0,0,0,0,89,0,0,0,89,94,213,0,0,0,0,0,1024,0,0,0,0,9,0,305,2,2,0,0,0,0,0,0,0,13,8,0,0,8376,0,0,10,0,0,0,9,0,0,302,0,1,0,0,1,0,0,0,0,61,4,0,0,0,4,1,2,0,0,586,1385,54,0,155,594,0,15,0,202,0,62,0,0,0,0,0,0,0,0,0,0,0,0,207,0,0,5,1332,0,0,0,0,0,0,28,0,0,0,0,104,25,0,126,30,0,0,0,0,410,0,41,0,0,0,0,5145,0,0,0,2183,0,30489,0,0,0,0,0,0,0,0,0,0,0,0,0,0,0,0,184,149,0,0,281,0,0,0,0,0,0,19,0,0,0,0,0,0,0,283,0,0,0,1079,5,2,3,0,11,11,0,572,289,0,126,0,0,0,1771,0,0,0,0
"ERR8157558",0,10,0,3258,0,300,0,0,0,0,35,0,166,140,12,0,0,0,2,0,0,81,0,0,0,0,0,0,0,0,0,0,0,0,0,99,0,0,0,0,0,0,0,0,0,22646,0,1523,0,804,0,0,79,0,0,0,0,0,6,0,1,0,0,0,0,0,0,0,0,18,6,0,0,0,161,0,0,0,0,0,0,225,0,0,0,0,429,0,59,0,13,0,0,3,2,0,0,8,414,123,0,0,25644,0,0,0,4,0,0,129,0,0,225,0,45,0,0,0,0,22,0,0,0,7,0,0,3,1,7,0,0,0,582,205,56,0,221,1955,0,0,0,421,0,0,0,0,0,0,0,0,0,0,0,11,0,0,4,0,0,5,0,0,0,0,0,0,0,137,0,0,0,0,54,0,0,45,20,0,0,0,0,0,0,0,0,3,0,0,0,0,0,0,9,0,12099,0,0,0,0,0,0,0,5,0,0,0,0,0,0,0,0,0,137,4,0,1376,0,0,0,0,0,0,0,0,0,0,0,7,0,72,51,0,0,0,0,3,2,0,408,0,0,0,0,57,0,27,0,0,0,1584,3,0,4,0
"ERR8157559",0,53,0,188,3,238,0,0,25,2,27,4,11,0,399,0,0,0,0,24,0,1751,0,0,38,5771,0,0,0,0,0,0,0,0,0,936,3,0,0,0,0,0,0,0,0,22036,0,3572,523,1208,0,0,94,1,796,28,0,0,0,0,9,0,0,0,0,0,0,0,6,2167,0,18,0,0,0,5,0,0,0,0,0,109,0,10,0,16,414,0,132,11,1,3,8,0,0,0,0,2,57,5083,2,0,6960,0,0,27,11,0,0,57,0,0,143,0,11,0,0,3,0,7,0,0,0,10,0,0,77,30,0,7,0,0,226,248,24,3,12,482,0,17,0,41,0,87,16,0,0,0,0,0,0,0,0,0,0,0,0,0,0,17,0,0,0,0,0,0,0,63,0,34,0,0,551,693,0,330,0,27,0,0,0,900,0,1237,0,0,1,0,2339,3,0,1,4,0,0,0,0,0,0,0,0,0,0,2,30,0,0,0,0,0,0,1,94,0,0,4,0,0,0,0,0,0,0,0,27,0,0,0,0,60,923,0,0,0,51,0,0,0,0,122,30,0,1488,269,4,1630,0,0,2,2475,21,0,0,0
"ERR8157560",0,0,0,1124,0,98,0,0,14,84,20,37,50,0,23,0,0,0,0,0,4,19,0,0,0,24,4,5428,0,0,0,0,0,0,0,78,6,0,0,0,0,1,0,0,0,2214,0,82,61,642,0,0,161,128,0,17,0,0,0,0,0,0,0,0,0,0,0,0,0,611,0,0,0,99,37,35,0,0,0,0,0,635,0,11,0,1,1150,0,221,0,0,0,0,0,89,0,0,0,151,26076,0,0,4061,0,0,92,37,0,0,0,139,0,78,0,9,0,0,0,0,22,0,0,94,3,0,0,0,7,74,0,76,0,237,840,25,0,41,511,0,26,5,130,0,41,0,0,18,0,0,1,0,0,8,2,0,0,574,34,0,25,0,1151,0,0,0,343,0,8,0,52,0,0,595,74,0,79,0,0,0,1,0,678,112,0,0,0,26,0,88,7,0,0,3594,0,14349,0,0,0,525,0,0,0,0,0,1,0,20,0,0,44,0,85,547,3,0,669,0,0,0,0,0,0,3,0,0,0,0,0,0,462,200,0,0,0,141,19,0,23,0,0,0,0,1245,242,0,801,0,0,17,6791,1039,0,0,0
"ERR8157561",0,17,0,1532,0,210,0,0,0,25,0,0,119,775,65,0,0,0,0,2,0,578,0,0,0,68,0,0,0,0,0,0,0,0,0,591,2,0,0,0,0,0,0,0,2,17691,10,159,78,2140,0,0,172,61,0,2,0,0,0,0,6,0,0,6,0,0,0,0,0,0,0,4,0,256,32,140,0,0,0,0,5,70,0,0,0,0,0,0,181,0,7,5,0,0,0,0,0,32,231,62,5,0,6461,0,9,17,0,0,0,169,0,0,3,9806,3,0,0,0,0,8,0,0,0,27,0,0,1,8,1312,2,183,0,2013,14,4,0,43,100,0,0,0,114,0,34,0,0,0,2,1,0,0,0,0,3,0,0,0,0,0,1,0,232,0,0,0,0,0,2,0,115,0,0,0,31,0,73,5,4,0,0,0,1279,607,5,0,2,5,0,2806,5,0,0,8524,0,0,0,0,0,0,0,0,0,0,0,0,0,0,0,0,0,0,170,136,0,0,294,0,0,0,0,0,0,0,13,0,0,0,0,0,1,78,62,0,0,3656,13,0,84,0,0,62,0,49,29,0,0,0,0,0,3263,14,0,0,0
"ERR8157562",0,0,0,100,0,433,0,0,0,0,9,0,21,0,132,0,0,0,0,0,0,340,0,0,0,0,22,0,0,0,0,0,0,0,0,668,0,0,0,0,0,0,0,0,0,5127,0,577,0,1036,0,0,123,0,0,188,0,0,0,0,0,0,0,0,0,0,0,0,0,0,0,0,0,0,61,81,0,0,0,1,0,148,0,0,0,0,0,0,305,0,0,0,0,0,0,0,0,0,263,9,0,0,18124,0,0,0,0,0,0,55,0,0,343,0,4,0,0,0,0,4,0,0,0,0,0,0,0,7,0,0,0,0,1362,3873,68,0,159,90,0,0,0,265,4,111,0,0,0,0,0,0,0,0,0,1,0,0,0,0,0,0,9287,0,0,0,0,0,0,2,0,0,0,0,0,0,0,0,0,0,0,0,0,157,0,0,0,0,0,0,800,0,0,0,0,0,54490,1085,0,0,0,0,0,0,0,0,0,0,0,0,0,0,0,4,194,0,0,0,0,0,0,0,0,0,0,0,0,0,66,0,0,23,247,0,0,0,2076,0,0,0,0,112,0,0,0,228,0,0,0,0,0,837,17,0,7,0
"ERR8157563",0,0,0,1779,0,687,0,0,15,131,288,0,226,5,908,0,0,0,0,8,0,125,0,0,0,326,57,871,0,0,0,0,0,0,0,404,3,0,0,0,0,0,0,0,0,2358,120,12,182,2368,0,0,551,9,0,98,0,0,0,0,2,0,0,7,0,0,0,0,0,114,0,0,0,146,186,332,0,0,0,0,0,2650,0,0,0,0,0,0,791,0,0,0,0,0,6,0,0,0,1001,0,0,0,11474,0,0,52,24,0,0,16,0,0,342,0,39,0,1,0,0,5,0,0,3536,7,117,0,0,46,5,5,0,0,403,3402,61,0,217,534,0,1,0,241,0,104,0,0,0,0,0,0,3,0,0,0,0,0,121,0,0,117,0,0,0,0,0,0,0,10,0,52,0,0,154,29,19,4,8,8,0,0,0,98,56,1194,0,0,6,0,11595,5,0,0,1152,0,19696,0,12,0,0,0,0,0,0,0,0,0,0,0,0,0,0,1899,2337,0,0,193,0,0,0,0,0,0,56,0,0,0,0,0,0,10,540,0,0,0,367,1,1,2,0,0,0,0,698,34,0,805,0,0,0,3743,6,59,0,0
"ERR8157564",0,3,0,589,0,383,0,1,0,0,0,4,705,31,402,0,4,0,0,2,0,1032,0,0,20,452,0,0,0,0,0,0,0,0,0,477,1,0,0,0,0,0,0,0,0,24423,791,1541,17,4241,0,0,116,96,0,0,0,0,0,0,4,0,0,0,0,0,0,0,0,2,0,2,0,157,0,197,0,0,0,0,0,162,0,0,0,0,0,5,200,0,2,0,0,0,0,7,0,0,130,10,0,0,14121,0,0,3,0,0,0,46,0,0,955,0,29,0,0,0,0,0,0,0,0,28,31,0,1,39,0,4,12278,0,309,575,48,4,57,4407,0,0,0,156,0,91,3,10,0,0,0,0,0,0,0,0,0,0,0,1,0,45,0,0,0,0,0,0,0,127,0,0,0,0,0,75,0,15,19,0,0,0,0,560,313,0,0,0,0,0,2002,0,0,2,0,0,0,0,0,0,0,0,0,0,0,0,0,0,0,0,0,0,0,13,443,1,0,0,0,0,0,0,0,0,0,0,0,0,0,0,0,72,268,0,0,0,1020,0,0,0,0,0,12,0,277,177,0,19,0,0,2,4742,6,0,0,0
"ERR8157565",0,10,0,264,6,289,4,0,0,1884,54,2,68,30,196,0,0,0,5,8,0,2,0,0,77,4556,0,0,0,0,0,0,0,0,0,526,149,0,0,0,0,0,0,0,0,26514,479,184,320,2227,0,0,306,167,542,0,0,0,3,0,3,0,0,0,0,0,0,0,5,258,15,0,0,96,633,120,0,0,0,0,0,68,0,13,0,81,1476,0,87,0,21,81,0,320,7,0,0,25,22,149,0,0,8528,10,3,44,21,0,0,240,0,0,9,0,24,0,0,11,0,68,0,0,0,116,0,0,63,41,32,147,111,0,736,31,1,0,13,400,0,0,385,90,0,57,0,0,3,14,10,470,2,0,0,0,0,0,3,0,0,0,0,0,0,0,0,142,0,36,0,185,0,5,3,352,0,486,140,26,0,9,0,3074,0,1851,0,0,9,0,0,8,0,0,0,0,0,0,0,0,0,0,0,0,0,7,0,0,0,0,0,0,0,248,525,1,0,233,0,0,0,0,0,0,0,0,0,0,0,0,0,5,124,0,0,0,0,27,0,10,0,7,89,0,1306,522,0,2300,0,0,0,14674,502,125,11,0
"ERR8157566",39,0,0,260,0,283,0,0,0,574,163,53,10,11,61,0,0,0,2,0,0,655,0,0,0,41,0,3900,2,0,8,0,0,0,0,260,0,0,0,0,0,0,469,0,0,1261,13,118,2,356,0,0,181,62,286,9,0,0,1,0,0,0,0,0,168,0,15,0,0,301,492,5,0,637,105,74,19,0,0,0,16,1428,0,4,0,0,949,0,84,0,0,0,0,38,1,0,20,6,0,4828,1,0,11038,0,0,23,3,0,0,2,0,0,76,0,9,0,0,0,0,262,0,0,230,1,11,0,0,42,120,18,1354,0,218,1078,44,0,76,1667,0,16,0,212,0,23,7,0,0,18,0,4,0,0,27,2,0,0,0,3,0,13,0,0,0,0,0,0,0,19,0,19,0,0,129,51,14,34,25,0,1,7,0,368,202,191,0,0,24,0,190,0,0,0,1481,0,34435,0,514,0,575,0,0,0,0,0,0,0,0,0,0,178,0,119,430,5,0,326,0,0,0,0,0,0,10,0,0,0,0,0,0,120,186,0,0,0,317,22,0,32,0,0,2,0,1116,217,17,588,0,0,7,4159,134,15,18,0
"ERR8157567",0,0,0,500,0,387,0,2,157,0,14,0,206,0,99,0,0,24,7,6,0,899,0,0,0,153,0,2137,0,0,0,0,4,0,0,1157,0,0,0,0,0,0,0,0,0,577,155,3079,14,1447,0,0,41,32,0,46,85,0,3,0,0,0,0,0,0,0,1,0,0,84,155,0,0,898,16,279,0,0,0,0,0,282,0,0,0,0,0,0,188,0,0,0,0,7,8,12,0,0,97,31,0,0,12526,0,0,10,7,0,0,0,14,0,128,0,13,0,0,0,0,992,0,0,269,0,49,0,0,11,98,0,6,0,329,933,41,0,149,587,0,17,0,196,0,28,0,0,0,1061,0,0,0,0,0,5,0,0,0,0,0,23,0,0,0,0,0,0,0,50,0,0,0,7,15,19,0,4,0,0,0,0,0,111,24,17,0,0,2,0,3066,0,0,0,0,0,31029,0,0,0,0,0,0,0,0,0,0,0,1,0,0,0,0,426,220,14,0,108,0,0,0,0,0,0,30,0,0,0,0,0,0,357,460,0,0,0,1116,13,1,174,0,0,0,0,336,97,0,166,0,0,0,2787,573,0,214,0
"ERR8157568",71,0,0,93,2,734,0,0,111,1166,124,76,88,0,301,0,0,0,0,26,0,597,0,0,0,91,51,829,0,0,0,0,0,0,0,296,1,0,0,4,0,0,0,0,0,3474,0,617,148,2314,0,0,100,179,1037,12,0,0,0,0,0,0,0,0,1115,0,0,0,0,1072,0,23,0,28,213,227,0,0,0,4,6,1191,0,21,0,518,0,0,458,3,1,0,0,0,1304,26,0,0,13,22461,0,1,2967,0,0,182,60,0,0,0,11,0,226,0,4,0,0,0,0,0,0,0,642,1,30,0,0,35,18,142,169,0,451,493,39,2,185,509,0,0,0,69,0,85,0,0,7,0,0,5,0,0,0,9,0,0,0,0,0,121,0,0,0,11,0,104,0,156,0,131,0,0,1400,105,5,67,10,19,0,0,0,523,42,29,0,0,17,0,68,0,0,0,311,0,6885,0,0,0,0,0,0,0,0,0,0,0,0,5,0,298,0,87,826,0,0,509,0,0,0,0,0,0,0,0,15,0,0,0,0,19,735,0,10308,0,289,0,0,0,0,0,11,0,3238,238,0,1566,0,0,46,9488,0,10,17,0
"ERR8157569",0,5,0,0,0,687,0,0,0,0,563,0,0,330,593,0,0,0,12,0,0,668,0,0,0,0,0,0,0,0,0,0,0,0,10,1903,0,0,0,0,0,0,0,0,0,31232,0,3035,77,3570,0,0,184,0,0,0,0,0,1,0,0,0,0,0,452,0,0,0,0,0,0,0,0,26,0,720,0,0,0,17,0,95,0,0,0,0,0,1,603,0,0,0,0,1,0,0,0,20,0,10,0,0,15708,0,2,9,0,2,2,448,0,0,880,108,10,0,0,0,0,142,0,0,0,77,0,0,0,103,2,0,21,0,2998,0,32,0,199,138,0,0,0,751,1,0,0,2,0,0,0,11,0,0,0,17,0,0,0,0,0,21,0,0,0,0,0,0,0,257,0,0,0,0,0,117,0,138,0,0,0,0,0,2299,0,0,0,0,0,0,3325,1,0,0,0,0,0,0,0,0,0,0,0,0,0,0,0,0,0,0,0,0,0,1,2,1,0,0,0,0,0,0,0,1,18,0,0,0,0,0,0,86,173,0,0,0,3378,0,4,0,290,1073,24,0,0,407,0,0,0,0,0,1647,166,0,117,0
"ERR8157570",0,0,0,670,0,225,0,0,31,1708,65,414,110,0,53,0,0,0,2,6,0,1605,0,0,0,1487,0,5126,0,0,3,0,2631,0,0,562,0,0,0,0,0,0,80,2,0,27827,236,184,67,1288,0,0,117,174,1036,150,0,0,0,0,3,0,0,0,0,0,0,0,0,1722,56,0,0,515,179,89,0,0,0,0,39,2699,0,13,0,1,731,0,157,0,0,0,0,28,8,44,0,0,319,337,0,0,8476,0,0,78,44,0,0,0,28,0,267,0,22,0,0,0,0,267,0,0,0,8,46,0,0,34,107,29,745,0,648,5516,99,2,163,768,0,780,0,432,0,75,0,0,0,11,0,0,3,0,2,2,0,0,0,0,0,59,0,0,0,0,0,609,0,154,0,112,0,0,438,190,0,105,16,6,0,2,0,567,1773,202,0,0,69,0,25,11,0,0,0,0,0,0,0,560,0,0,0,0,0,0,0,0,0,2,0,0,0,506,196,0,0,908,0,0,0,0,0,0,0,0,3,0,0,0,0,11,892,0,0,0,1091,115,0,93,0,66,6,0,2315,676,62,944,0,0,29,9509,34,14,5,0
"ERR8157571",0,4,0,524,2,259,0,0,1863,0,94,0,0,12,156,0,0,0,0,20,0,1518,0,0,0,1822,23,0,0,0,0,0,0,0,0,408,1,0,0,0,0,0,20,0,0,15550,490,1066,136,1398,0,0,209,128,162,193,0,0,2,0,3,0,0,0,0,0,0,26,0,147,0,0,0,420,40,139,0,0,0,0,32,565,0,0,0,0,1632,0,674,3,6,2,0,10,0,0,0,11,65,79,0,0,9945,1,0,33,14,24,0,46,0,0,190,0,38,0,2,3,0,10,0,0,0,13,0,0,10,13,55,5,58,0,374,133,31,0,126,245,0,0,0,199,1,17,0,0,0,5,0,0,2,0,0,3,0,0,35,0,0,34,6467,681,0,0,0,0,0,98,0,23,0,0,324,226,0,226,38,9,0,0,0,413,619,241,0,0,0,0,0,9,0,0,28,0,15646,0,0,0,0,0,0,0,0,0,0,0,0,0,0,0,0,64,486,0,0,653,0,0,0,0,0,0,24,0,0,0,0,0,0,17,287,0,0,0,1245,22,1,7,0,0,0,0,2210,102,94,318,0,0,8,2999,3,0,2,0
"ERR8157572",0,11,0,2599,5,384,0,0,0,0,70,0,587,216,299,2,0,0,0,37,0,1126,0,0,0,7564,0,0,0,0,6,0,0,0,0,1136,81,0,0,0,0,0,0,0,0,31008,20,1099,298,3947,0,0,283,739,0,0,0,0,1,0,15,0,0,10,0,0,0,0,7,18,10,0,0,200,1275,377,0,0,0,17,201,727,0,7,0,0,12,2,0,27,44,280,0,0,0,23,0,16,449,287,0,0,4582,0,16,100,63,10,0,655,0,0,1189,6,2,0,0,2,0,0,0,0,0,23,0,0,83,108,1,114,0,0,1642,325,68,0,364,2504,0,829,0,10,0,1356,0,0,1,0,8,4,0,6,0,21,0,0,0,0,106,38,0,0,0,0,0,0,0,165,0,0,0,0,0,601,0,891,38,43,0,2,0,2297,0,473,0,0,88,0,3286,20,0,0,51,0,0,0,0,397,0,0,0,0,0,10,0,0,0,3,11,0,0,22,180,0,0,484,0,0,0,0,0,0,0,0,0,0,0,0,0,23,1550,180,0,0,3103,0,0,0,0,133,28,0,824,73,0,1602,0,0,44,9167,1,77,41,0
"ERR8157573",30,0,0,980,0,308,0,0,0,684,32,92,129,2,302,0,0,0,0,15,0,554,0,0,0,518,0,0,0,0,0,0,0,0,0,691,0,0,0,0,0,0,0,0,0,34160,1340,465,0,2025,0,0,135,0,0,116,0,0,0,0,0,0,0,0,0,0,0,1,0,849,0,0,0,625,23,58,0,0,0,0,0,951,0,0,0,0,0,0,78,0,15,0,0,0,1,0,0,1,351,10,0,0,26288,0,0,7,0,0,0,12,0,0,741,0,61,0,0,2,0,32,0,0,0,27,0,0,0,51,28,2,0,0,1372,2495,33,0,198,5653,0,250,3753,272,0,81,0,0,0,0,0,5,0,0,0,2,0,0,1,0,0,32,0,0,0,0,0,0,0,37,0,0,0,0,17,0,0,89,52,0,0,0,0,886,3033,0,0,0,28,0,2064,0,0,0,0,0,0,0,0,0,0,0,0,0,0,0,0,0,0,0,0,0,0,213,2316,7,0,680,0,0,0,0,0,0,0,0,0,0,1,0,0,136,415,0,0,0,329,160,1,110,0,5,8,0,517,114,0,228,0,0,1,3211,104,0,8,0
"ERR8157574",297,0,0,610,0,184,0,0,1844,1005,143,150,39,0,200,0,20,0,0,0,0,116,15,3,7120,1153,0,0,0,0,0,0,0,0,0,163,11,0,0,0,0,0,0,0,0,6382,180,69,47,505,0,0,161,103,19,66,0,26,1,0,0,0,0,0,86,0,0,0,0,1181,0,196,0,61,153,119,19,0,6,0,0,408,0,12,0,897,380,0,344,0,0,2,0,37,7,4,0,0,3,31,1,0,5066,0,0,345,22,0,0,2,0,0,67,5,17,0,0,0,0,162,0,9,1839,4,34,2,0,7,98,86,17,0,329,416,17,1,116,895,0,0,13,158,0,43,27,63,2,0,0,103,0,0,0,17,0,0,28,0,114,90,0,0,0,16,0,0,0,162,0,60,0,0,1106,932,8,37,42,30,0,5,0,1002,460,34,0,39,38,0,1217,0,0,0,160,0,4883,0,0,0,0,0,0,0,7,1,9,0,0,0,0,1404,0,180,303,0,0,426,0,23,0,0,0,0,23,0,12,0,0,0,0,33,469,0,0,0,641,7,0,45,7,0,0,5,4552,616,10,3584,0,0,43,14165,134,53,139,0
"ERR8157575",0,0,0,0,0,693,0,0,0,0,59,0,430,24,2,0,0,0,13,0,0,911,0,0,0,110,0,0,0,0,0,0,0,0,0,717,0,0,0,0,0,0,0,0,0,38430,100,3192,0,3498,0,0,247,3,0,106,0,0,0,0,0,0,0,0,0,0,0,0,0,0,33,0,0,248,21,267,0,0,8,0,0,229,0,0,3,0,1197,0,709,0,0,0,0,5,9,0,0,0,0,99,0,0,8573,0,0,0,0,0,5,13,0,0,2745,4,10,0,2,0,0,1283,0,0,0,2,0,0,0,32,32,0,38,0,4272,1597,60,0,152,55,0,0,0,400,0,14,0,0,0,1,0,26,0,0,0,4,0,0,196,0,0,9,0,0,0,0,0,0,0,17,0,12,0,0,83,13,0,33,0,0,0,0,0,403,0,127,0,0,0,0,11,0,0,0,29,0,0,0,0,0,0,0,0,0,0,0,1,4,0,0,0,0,0,380,211,1,0,8,0,0,0,0,0,0,0,0,0,0,0,0,8,216,1668,0,0,0,1308,0,0,17,0,571,5,0,10,56,0,0,0,0,0,1488,484,0,37,0
"ERR8157576",0,5,0,1179,1,129,0,0,161,309,181,4,21,0,802,0,0,0,0,13,0,37,0,0,17854,1651,0,0,0,0,8,0,0,0,0,369,10,0,0,0,0,0,0,0,0,10150,869,514,81,782,0,0,52,149,0,136,0,0,0,0,0,0,0,0,0,0,0,0,2,2269,0,51,0,224,48,234,0,0,0,0,98,160,0,7,0,474,1000,0,168,7,0,101,0,0,0,0,0,596,221,5090,2,0,1040,0,0,56,1,0,0,86,3,0,98,0,18,0,0,0,0,5,0,0,878,25,150,0,639,11,26,26,2,0,145,250,41,0,26,329,0,0,0,48,0,33,7,0,0,0,0,0,0,0,0,0,0,0,0,0,0,20,0,0,0,5,2,17,0,17,0,28,0,0,1480,251,0,118,7,16,7,15,0,3214,0,19,0,0,1,0,505,3,0,0,51,0,20,0,0,0,0,0,0,0,0,1,0,0,0,0,0,33,0,650,179,0,0,927,0,0,0,0,0,0,0,0,0,144,0,0,0,13,485,0,0,0,283,0,0,189,0,0,803,0,1504,28,0,1792,0,0,10,6472,4,20,1,0
"ERR8157577",0,0,0,288,0,201,0,0,0,10,24,0,77,0,5,0,0,0,0,0,0,1137,0,0,0,87,0,0,0,0,0,0,0,0,0,408,0,0,0,0,0,0,0,0,0,15071,27,435,6,4078,0,0,142,6,0,30,0,0,2,0,1,0,0,0,0,0,0,0,0,0,2,0,0,0,21,40,0,0,2,0,0,176,0,0,0,0,0,0,201,0,0,0,0,6,0,0,0,0,604,31596,0,0,10824,1,0,0,0,0,0,1,0,0,335,0,4,0,0,0,0,25,0,0,77,4,0,0,1,25,22,1,64,0,267,1935,68,0,115,81,0,0,0,137,0,46,0,0,0,0,0,0,0,0,21,0,0,0,0,0,0,14,9048,5,0,0,0,0,0,32,0,0,0,0,23,11,0,2,3,0,0,0,0,167,0,1,0,0,0,0,264,0,0,0,11301,0,0,0,0,194,0,0,0,0,0,0,0,16,313,0,0,0,0,10,470,0,0,45,0,0,0,0,0,0,13,0,0,0,1,0,0,696,308,0,0,0,366,0,3,0,0,204,0,0,192,107,0,8,0,0,14,2693,102,0,0,0
"ERR8157578",0,1,0,413,0,301,0,0,226,3,51,55,47,2,149,0,57,0,0,0,0,722,0,0,0,430,28,3703,0,0,0,0,0,0,0,153,4,0,1,0,0,0,0,0,0,3453,107,429,52,656,0,0,99,200,301,0,575,0,0,0,9,0,0,0,282,0,0,0,0,334,0,0,0,620,96,116,0,0,0,0,0,299,0,10,0,555,0,0,239,0,0,0,0,39,16,9,0,0,20,69,0,0,9690,0,0,56,14,0,0,9,21,0,40,0,8,0,0,0,0,44,0,0,172,8,4,0,1,8,107,2,0,0,664,1183,7,0,39,1199,0,305,0,293,0,73,0,0,0,0,1,1,0,0,0,0,0,0,0,0,0,32,0,0,0,0,0,555,0,8,0,9,0,0,164,48,0,159,2,0,0,0,0,1149,9,27,0,0,27,0,5615,7,0,0,4220,0,20310,0,0,0,0,0,0,0,0,0,1,0,0,0,0,125,0,115,113,0,0,464,0,0,0,0,0,0,5,0,0,0,0,0,0,0,236,0,0,0,1608,108,0,23,0,26,15,0,1676,337,27,1208,0,0,0,8277,6,0,33,0
"ERR8157579",0,15,0,3132,0,1960,0,0,46,9,138,59,213,0,893,1,138,0,0,4,0,2244,0,0,501,230,77,0,0,4,0,0,0,0,0,1001,7,0,0,0,0,0,0,0,2,16819,154,259,59,4338,0,8,417,579,0,12,0,0,32,0,8,0,0,0,111,0,0,0,3,1182,0,99,0,193,153,737,0,0,0,0,0,5682,0,2,0,0,5,0,1194,0,0,0,0,2,0,22,0,0,32,35,3,8,7910,0,0,213,101,43,3,24,0,0,373,0,14,0,0,0,0,0,0,0,3545,8,0,0,1,63,6,226,321,0,1317,1426,57,4,193,378,0,62,0,87,0,134,0,0,0,0,0,5,0,0,0,3,0,0,0,0,0,210,0,144,0,14,27,0,0,474,0,0,0,0,1487,435,3,68,0,50,0,4,0,2687,305,36,0,0,117,0,6385,32,0,12,233,0,4715,0,0,0,341,0,0,0,0,0,0,9,0,10,0,1234,0,78,2317,2,0,2218,3,0,0,0,0,0,100,0,87,0,0,0,0,21,1228,0,0,0,540,22,0,9,0,167,4,0,3789,462,20,2030,0,0,69,8622,2,18,16,0
"ERR8157580",0,2,0,990,0,658,0,0,1421,0,57,31,112,8,91,0,0,0,6,38,0,154,0,0,8,0,0,0,0,0,0,0,0,0,0,682,0,0,0,0,0,0,0,0,0,10000,0,849,0,3702,0,0,408,0,157,212,0,0,6,0,3,0,0,0,0,0,0,7,0,0,20,0,0,1785,6,280,0,0,0,0,0,255,0,0,0,0,360,0,370,0,0,0,0,30,0,0,0,5,2273,0,0,0,13915,0,0,0,0,0,0,5,0,0,2273,0,23,0,0,0,0,813,0,0,1399,43,0,0,6,17,29,0,867,0,313,2125,88,0,720,148,0,443,22,232,0,15,0,0,0,4,5,0,0,0,5,0,0,0,0,0,0,0,0,1,0,0,0,0,0,338,0,0,0,0,0,0,4,14,24,0,0,0,0,355,0,32,0,3,0,0,1,0,0,0,0,0,23124,0,0,0,0,0,0,0,0,0,0,0,0,0,0,0,0,1812,1454,0,0,1563,0,0,0,0,0,0,0,0,0,0,0,0,0,222,2193,0,0,0,990,74,0,335,0,0,0,0,34,0,0,35,0,0,0,1707,717,0,0,0
"ERR8157581",0,107,0,4277,4,95,0,0,0,0,1,0,2,105,103,0,0,0,0,0,0,475,0,0,0,0,0,0,0,0,0,4,0,49,54,250,0,0,0,0,0,0,0,0,0,0,0,936,0,761,0,0,356,0,0,0,0,0,23,0,0,0,0,0,0,0,0,0,0,0,26,0,0,22,0,85,0,0,0,16,0,0,0,0,0,0,715,0,62,0,14,0,0,0,2,0,0,224,0,7638,0,0,48776,0,0,0,0,0,0,1972,0,0,337,0,0,0,0,0,0,6,0,0,0,0,0,0,336,4,121,0,21,0,5922,216,49,0,178,3325,0,1,325,0,0,0,0,2,0,0,0,6,0,0,0,0,0,0,0,0,0,3,0,0,0,0,0,0,0,123,0,0,0,2,0,0,0,216,0,0,0,0,0,0,0,0,0,0,0,0,0,0,0,0,5,1359,1,0,0,0,0,0,60,0,0,0,0,0,0,0,0,0,0,0,64,0,0,1303,0,0,0,0,0,60,0,0,0,0,0,0,0,7,0,0,0,0,0,0,0,0,0,0,0,0,0,0,0,0,0,0,0,1780,2486,0,11,0
"ERR8157582",0,7,0,0,0,367,0,0,3,0,0,0,0,334,340,0,0,0,0,57,0,704,0,0,0,0,0,0,0,0,0,0,0,0,9,244,0,0,0,0,2,0,0,0,0,14945,0,2220,0,2275,0,0,125,0,0,0,0,0,4,0,0,0,0,0,0,0,0,0,0,0,0,0,0,13,0,526,0,0,0,0,0,34,0,0,0,0,1669,0,0,0,0,0,0,0,0,0,0,9,0,12,0,0,13411,0,7,0,0,0,0,147,0,0,773,1,0,0,0,0,0,42,0,0,789,0,0,0,16,10,13,0,673,0,1273,366,0,0,135,254,0,0,0,570,1,0,16,0,0,2,0,0,0,0,0,0,0,0,0,0,0,0,0,45,0,0,0,1344,0,244,0,0,0,0,0,0,0,0,0,0,0,0,0,0,0,0,0,0,0,0,0,0,0,0,26,0,42059,0,0,0,0,0,0,0,0,0,0,0,0,0,0,0,0,25,134,0,0,12,0,0,0,0,0,71,0,0,0,0,0,0,0,212,805,0,0,0,0,0,0,0,0,9,0,0,0,0,0,0,0,0,0,1573,967,0,0,0
"ERR8157583",0,0,0,0,0,1866,0,0,0,0,19,0,0,38,0,0,0,0,0,0,0,30,0,0,0,0,0,0,0,0,0,0,0,0,0,3592,0,0,0,0,0,0,0,1,0,365,5,5754,0,2352,0,0,0,0,0,0,0,0,0,0,0,0,0,0,1204,0,0,0,0,0,0,0,0,20,0,0,0,0,0,0,0,0,0,0,0,0,14,0,525,0,0,0,0,0,0,0,0,4,0,55,0,0,28226,0,0,0,0,3,0,3,0,0,1231,0,0,0,0,0,0,290,0,0,0,0,0,0,0,41,2,0,0,0,493,3585,14,0,265,140,0,8,0,460,2,0,252,0,0,0,0,0,0,0,0,134,0,0,23004,113,0,0,0,0,0,0,0,0,0,105,0,0,0,0,0,0,0,0,0,0,0,0,0,27,0,0,0,0,0,0,0,0,0,3,0,0,0,0,0,0,0,0,0,0,0,0,0,0,84,0,0,0,0,2307,17,10,0,0,0,0,0,0,0,0,0,0,0,0,0,0,0,2346,322,0,0,0,3960,0,2,0,0,0,0,0,2,0,0,0,0,0,0,236,1505,0,9,0
"ERR8157584",0,0,0,431,0,160,0,0,278,0,28,11,24,0,55,0,1221,0,0,0,0,1534,0,0,0,156,7,2,0,0,0,0,19,0,0,28,3,0,0,1,0,0,0,0,0,3213,54,597,100,488,0,0,180,260,0,83,0,0,0,0,79,2,0,0,268,0,0,0,0,1385,159,3,0,29,116,128,73,13,0,0,0,1980,0,19,0,651,1669,0,580,8,0,0,0,657,113,0,0,0,2,300,0,0,6339,0,0,139,30,6,1,3,12,0,141,0,0,0,0,0,0,78,0,0,430,2,0,349,0,24,32,150,581,0,577,355,29,2,37,663,0,28,0,101,0,3,0,13,516,224,0,0,10,0,0,18,10,0,2580,101,0,19,0,3562,0,0,0,165,0,398,0,0,0,0,275,203,0,19,13,3,0,6,0,951,110,37,0,38,32,0,0,0,0,0,2435,0,9936,0,0,0,0,0,0,0,0,1,0,0,41,0,0,2791,0,106,982,0,0,233,0,32,0,0,0,0,0,0,19,0,44,0,0,473,405,0,0,0,635,0,0,10,0,0,4,0,2873,181,0,3136,0,0,33,11866,23,32,89,0
"ERR8157585",268,0,0,16,2,478,0,0,56,16,45,16,165,7,597,0,0,0,0,0,0,893,0,0,0,93,50,3722,0,0,0,0,0,0,0,294,0,0,0,0,0,0,0,0,4,2290,27,50,99,1955,0,0,109,35,8,64,0,0,7,0,2,0,0,0,0,0,0,0,0,103,0,13,0,3159,40,505,0,0,0,0,0,1823,0,0,0,4,1750,0,919,0,0,0,0,0,2,0,0,0,286,54,0,0,10956,0,0,22,10,0,0,7,15,0,427,2,27,0,0,0,0,221,0,0,724,15,0,0,0,48,232,0,0,0,702,3378,61,2,63,281,0,179,0,193,0,66,0,0,0,0,0,10,0,0,0,0,0,0,0,0,0,49,0,0,0,0,0,0,0,57,0,30,0,6,45,158,0,33,4,3,0,0,0,553,93,191,0,0,7,0,3,2,0,0,3033,0,35043,0,0,0,0,0,0,0,0,0,1,0,0,0,0,0,0,832,682,0,0,759,0,0,0,0,0,0,5,0,0,0,8,0,0,71,697,30,0,0,1561,0,7,11,0,125,0,0,647,181,0,198,0,0,9,3011,30,0,20,0
"ERR8157586",0,3,4,547,0,496,0,0,74,27,77,149,114,37,30,0,0,0,0,4,0,130,0,0,0,1147,0,0,0,0,0,0,0,0,0,849,2,0,0,4,0,0,0,0,0,20244,0,3608,41,2130,0,0,135,0,0,311,0,0,0,0,0,0,0,2,0,0,0,0,0,531,0,0,0,825,49,603,0,0,0,0,19,855,0,3,0,0,620,0,228,10,0,0,0,0,17,0,0,0,288,11585,0,0,11441,0,0,7,4,0,0,7,5,15,554,0,25,0,0,11,0,36,0,0,0,0,18,4,0,11,249,54,6,0,311,1499,93,0,142,224,0,0,0,135,0,11,0,3,0,0,1,1,0,0,0,0,0,0,0,4,0,22,0,0,0,0,0,0,0,84,0,29,0,0,108,90,53,149,49,0,0,0,0,556,1284,40,0,0,0,0,82,0,0,0,0,0,0,0,0,0,0,0,0,0,0,0,0,0,0,0,0,0,0,414,1579,0,0,1437,0,0,0,0,0,24,33,0,0,0,0,0,0,169,1847,0,0,0,803,10,1,64,0,0,11,0,579,106,0,397,0,0,1,3023,111,0,0,0
"ERR8157587",0,0,3,2275,0,610,0,2,18,0,19,135,83,0,682,1,159,0,0,21,0,658,0,0,4995,835,35,703,0,0,2,0,0,0,0,179,6,0,0,0,0,0,94,0,0,11453,964,443,114,867,0,0,98,140,1781,12,0,0,0,0,4,0,0,0,0,0,0,0,2,756,0,33,0,165,65,109,2,0,0,0,58,3887,0,27,0,913,318,0,222,4,0,0,0,0,5,20,0,13,196,69,0,0,9464,1,0,100,51,0,0,4,0,0,482,0,30,0,0,0,0,6,0,0,771,4,0,0,0,911,9,89,0,0,255,571,143,3,70,707,0,0,31,94,2,51,0,0,0,29,0,4,0,0,0,14,0,0,285,4,0,15,0,0,0,20,13,272,0,106,0,69,0,0,407,245,1,171,22,32,0,4,0,1050,961,51,0,0,51,0,2463,0,0,0,0,1712,1720,0,0,0,0,0,0,0,0,0,0,0,3,0,0,1092,0,359,448,0,0,273,0,0,0,0,0,0,0,0,0,0,0,0,0,20,497,0,0,0,1433,8,0,20,2,77,9,1,2107,455,10,1600,6,0,23,10112,8,9,11,2
"ERR8157588",0,2,0,2283,3,352,16,6,0,8,245,0,63,40,305,1,0,0,0,2,0,958,0,0,250,1743,20,0,0,0,0,0,0,0,0,125,0,0,0,12,0,0,0,0,0,9083,95,115,162,1487,0,0,130,164,1412,108,0,0,0,0,0,0,0,0,0,5,0,0,0,482,0,0,0,334,89,216,0,0,0,5,0,1138,0,43,0,250,0,0,182,0,0,110,0,0,711,0,3,0,361,23184,0,0,8183,0,0,128,35,0,0,27,0,0,269,0,8,0,0,0,0,3,0,0,0,5,0,0,0,120,43,3,1,0,378,1016,58,0,96,169,0,161,0,184,0,102,0,0,0,43,0,2,0,0,0,15,0,0,0,0,0,45,0,951,0,0,0,447,0,17,0,181,0,0,470,72,14,63,0,6,0,2,0,586,739,108,0,0,33,0,2627,3,0,0,1665,1197,3183,0,772,0,0,0,0,0,0,0,3,0,0,0,0,31,0,120,627,0,0,2182,0,0,0,0,0,0,17,0,2,0,0,0,0,5,729,0,0,0,95,0,3,5,0,4,31,0,3030,187,28,1964,11,0,9,6278,8,158,31,0
"ERR8157589",0,8,8,77,28,941,0,2,0,22,421,69,15,0,921,8,18,0,13,25,0,12,0,0,3942,4198,5,0,0,0,2,14,0,0,0,2688,55,0,5,0,0,0,0,0,0,9080,0,797,412,1026,0,0,162,54,0,0,0,0,0,0,6,0,0,0,0,0,0,0,25,1320,0,0,0,0,50,133,0,0,0,0,87,12,0,12,0,203,1479,0,1850,45,22,99,19,0,0,34,0,4,929,17855,35,1,999,23,0,125,63,3,0,27,0,0,973,1,22,0,0,0,0,0,0,0,0,10,0,22,32,465,0,293,3766,0,421,63,9,1,16,12,0,40,0,2,0,20,46,0,64,0,5,4,0,0,0,0,0,0,67,173,0,5,0,281,0,0,0,0,0,134,0,204,0,0,573,194,0,781,0,6,0,17,9,896,488,22,0,0,5,0,155,3,0,2,15,0,0,0,0,0,0,0,0,0,0,0,0,0,0,0,0,0,0,9,44,0,50,508,0,158,0,3,0,0,76,0,0,0,2,0,0,37,651,0,0,0,415,0,0,0,0,0,116,15,5565,66,0,3108,0,0,140,11830,2,25,5,0
"ERR8157590",0,0,0,157,3,969,0,1,31,113,133,55,242,0,126,0,0,0,0,0,0,855,0,0,0,636,7,742,0,0,0,0,0,0,0,1695,9,0,0,0,0,0,0,0,0,8666,0,894,72,1751,0,0,122,344,78,19,0,0,0,0,5,0,0,0,0,0,0,0,0,4862,0,0,0,270,89,307,0,0,0,0,19,1199,0,10,0,0,4239,0,376,16,0,0,0,0,0,0,0,0,230,0,2,0,6470,0,0,100,47,0,0,0,0,0,320,0,7,0,0,6,0,2,0,0,0,0,131,0,2,49,93,11,0,0,231,249,57,2,170,1072,0,43,0,73,0,19,0,0,0,16,0,0,0,0,0,2,0,0,0,0,0,109,0,0,0,0,0,258,0,211,0,17,0,0,831,0,7,88,0,13,0,11,0,2151,2015,36,0,0,0,0,54,0,0,0,75,0,11045,0,0,0,0,0,0,0,4,0,0,0,31,0,0,0,0,513,1053,0,33,186,0,0,0,0,0,0,45,0,0,0,0,0,0,62,1134,0,0,0,713,46,0,40,0,0,4,0,2458,280,0,3836,0,0,12,13470,3,209,7,0
"ERR8157591",0,5,2,0,7,434,0,0,0,0,21,0,237,118,379,0,0,0,0,0,0,941,0,0,0,2786,26,2075,0,0,0,0,0,0,22,428,50,0,0,0,0,0,0,0,0,15811,0,5,571,694,0,0,434,0,0,0,0,0,0,0,0,0,0,0,1081,0,0,0,0,242,0,0,0,13,0,0,0,0,0,18,0,908,0,10,0,0,0,0,348,16,14,0,0,0,187,0,0,16,6,854,0,0,13978,0,0,66,0,0,0,276,0,0,328,0,6,0,0,0,0,72,15,0,784,47,55,0,276,125,0,0,0,0,1581,2611,26,0,222,155,0,0,0,132,0,472,0,0,0,0,0,1,0,0,0,6,0,0,3263,0,0,0,0,0,0,0,0,0,0,637,0,0,0,0,0,731,0,106,0,0,0,2,0,3587,1535,2880,0,0,0,0,3004,0,0,0,1494,0,7025,0,0,0,0,0,0,0,0,0,0,0,0,0,0,0,0,168,211,0,0,0,0,0,0,0,0,0,0,0,0,0,0,0,0,11,1240,0,0,0,4,0,0,0,0,263,131,0,1681,686,0,280,0,0,0,4614,14,0,1,0
"ERR8157592",0,63,0,0,0,0,0,0,0,0,0,0,22,1438,445,4,0,0,6,0,0,0,0,0,0,2750,0,0,0,0,5,0,0,0,16,261,33,0,0,2,0,0,0,0,0,33440,1423,0,0,12354,0,0,473,97,0,0,0,0,0,0,5,0,0,0,0,0,0,0,0,0,73,0,0,2,355,0,0,0,0,0,0,583,7,0,0,17,0,0,644,18,115,64,0,30,177,0,0,108,0,728,33,0,4743,0,871,18,4,0,0,285,0,0,0,115,0,0,5,11,0,24,2,0,0,80,20,0,46,49,0,7,92,0,3343,0,0,0,0,0,0,0,0,451,0,0,21,0,0,37,3,0,0,0,0,16,0,0,0,0,0,66,0,0,0,0,0,0,0,0,0,98,0,0,0,277,0,587,0,21,0,0,0,5577,0,3125,0,0,0,0,8049,14,0,0,0,0,3,0,0,0,0,0,0,0,0,0,0,0,3,0,0,0,0,0,0,0,0,0,0,0,0,0,0,0,0,0,0,0,0,0,0,517,0,0,0,0,0,0,0,0,545,0,180,0,0,0,0,2,0,0,0,1217,107,0,76,0
"ERR8157593",0,5,10,230,11,604,13,0,613,105,192,71,0,8,739,0,198,0,0,34,0,87,0,0,341,5509,0,0,0,0,0,3,0,0,0,1529,20,0,0,0,0,0,0,0,0,25912,0,5259,240,1426,0,0,108,979,2217,62,0,0,0,0,1,0,0,0,0,0,0,0,4,924,0,0,0,91,43,0,0,0,0,11,0,269,0,5,0,23,2050,0,412,5,0,43,0,6,0,0,0,3,248,125,8,1,3109,0,2,43,33,0,0,88,0,31,421,0,13,0,0,8,0,3,0,0,0,26,0,0,24,56,17,51,0,0,1051,993,2,0,67,525,0,60,0,201,2,230,1,0,0,0,8,0,0,0,0,0,0,0,1012,0,0,37,0,1185,0,0,0,266,0,1018,0,130,0,0,353,187,4,258,74,0,0,0,0,788,0,72,0,0,44,0,0,11,0,0,1,0,0,0,0,0,0,0,0,0,0,0,11,0,48,0,0,0,0,211,1108,0,0,134,0,0,0,0,0,16,0,96,0,0,0,0,0,2,1338,0,0,0,1885,0,0,0,0,74,87,11,2111,300,0,1085,0,0,26,8044,1,0,3,0
"ERR8157594",195,0,5,1014,0,642,0,0,505,113,55,5,155,0,415,0,0,0,0,28,0,467,0,0,0,234,0,3583,0,0,0,0,0,0,0,869,2,0,0,0,0,0,0,0,0,1181,108,202,57,2191,0,0,207,139,103,6,0,0,0,0,0,0,0,0,180,0,0,0,0,289,0,0,0,38,92,399,0,0,0,0,0,813,0,0,0,0,1410,0,431,1,0,0,0,3,0,26,0,0,88,19,0,0,8912,0,0,48,18,0,0,0,0,0,239,0,25,0,0,0,0,14,0,0,335,0,0,0,1,55,297,4,0,0,468,289,95,2,205,3052,0,26,0,281,0,34,0,0,0,0,0,0,2,0,0,0,0,39,322,0,0,72,0,1089,0,0,0,1106,0,75,0,6,0,0,87,74,10,93,12,2,0,0,0,312,187,3,0,0,41,0,18,2,0,0,2782,0,45276,0,0,0,0,0,0,17,0,0,0,0,0,3,0,151,0,160,590,0,0,1246,0,0,0,0,0,0,71,0,0,0,0,0,0,15,434,0,0,0,1494,142,0,21,0,0,2,0,1577,222,19,689,0,0,20,4599,6,26,0,0
"ERR8157595",0,4,0,1055,3,1142,0,2,235,1458,64,0,146,0,56,1,0,0,4,57,0,2144,0,0,1661,1183,0,1553,0,0,7,4,0,0,0,815,4,0,5,0,0,0,0,0,0,24003,1367,2311,187,1787,0,0,481,931,0,0,0,0,0,0,5,0,0,0,0,0,0,0,7,969,0,265,0,33,105,285,1,0,0,3,0,1420,0,16,0,201,0,0,245,0,6,0,0,0,196,13,0,0,279,73,11,0,9521,0,0,98,49,1,0,11,0,0,360,0,3,0,0,1,0,4,0,0,0,22,0,0,0,123,1,12,2,0,321,257,23,1,333,587,0,50,0,259,0,82,0,0,11,0,11,2,1,0,0,1,0,0,15,4,0,25,713,0,0,1,1,0,0,207,0,0,0,0,504,236,0,37,13,0,0,10,0,856,1552,0,0,0,33,0,3293,4,0,0,2,41,0,0,0,0,0,0,0,0,1,0,0,0,0,1,0,2429,0,10,1000,4,0,261,0,0,0,0,0,0,0,0,53,0,0,0,0,73,552,0,0,0,0,0,0,0,0,0,22,0,2420,289,23,600,0,0,45,6525,10,0,6,0
"ERR8157596",0,0,3,777,0,307,0,1,1122,0,3,18,50,0,69,0,0,0,0,6,0,565,0,0,0,2665,0,1327,0,0,0,0,210,0,0,988,0,0,0,0,0,0,0,0,2,6399,1139,1068,100,1965,0,0,167,271,1564,21,0,0,0,0,0,0,0,0,306,0,0,0,0,145,0,0,0,514,59,247,0,0,0,0,34,680,0,0,0,0,2034,0,272,0,0,0,0,0,1,0,0,0,75,0,0,0,5109,0,0,31,49,0,0,0,0,0,293,0,11,0,0,0,0,56,0,0,213,3,0,0,0,20,53,0,0,0,374,773,40,0,87,431,0,72,20,113,1,53,0,0,0,0,0,2,0,0,1,4,0,0,16,0,0,41,0,0,0,0,0,0,0,190,0,1,0,0,588,222,0,76,0,0,0,0,0,478,324,34,0,0,21,0,0,0,0,0,0,0,22185,0,0,0,0,0,0,0,0,0,0,0,0,0,0,0,0,95,242,5,0,273,0,0,0,0,0,0,30,0,0,0,0,0,0,132,544,0,0,0,1423,2,0,8,0,59,1,0,2313,364,95,718,0,0,3,6253,38,0,0,0
"ERR8157597",0,0,0,1017,0,220,0,0,7,106,0,53,61,4,3,0,0,0,0,2,0,491,0,0,0,409,0,0,0,0,0,0,0,0,0,350,1,0,0,0,0,0,0,0,4,24367,6,76,50,1705,0,0,228,74,0,0,0,0,0,0,1,0,0,0,129,0,0,0,0,186,0,0,0,0,13,21,0,0,0,0,0,296,0,0,0,0,0,0,147,0,1,0,0,0,0,0,0,0,115,0,0,0,21806,0,0,1,0,0,0,43,0,0,533,3,0,0,0,2,0,10,0,0,0,43,0,0,0,12,0,7,0,0,992,457,18,0,81,5619,0,286,0,739,0,215,0,0,0,0,0,0,0,0,0,0,0,0,0,0,0,9,0,0,0,0,0,0,0,141,0,0,0,5,16,36,0,230,51,5,0,0,0,286,824,0,0,0,0,0,4605,0,0,0,7052,0,0,0,1766,0,0,0,0,0,0,0,0,0,0,0,0,0,0,0,53,0,0,637,0,0,0,0,0,0,9,0,0,0,0,0,0,2,60,0,0,0,1906,0,0,0,0,0,3,0,745,161,0,34,0,0,0,1366,0,0,0,0
"ERR8157598",0,0,1,99,0,24,0,2,43,322,367,264,11,14,15,0,0,0,0,10,0,79,0,0,0,809,51,88,0,0,8,0,0,0,0,17,30,0,2,3,0,2,77,0,0,15272,17,4434,138,148,0,0,60,149,280,32,0,0,0,0,4,0,0,0,0,0,2,0,0,741,0,53,0,1497,345,640,0,0,0,1,43,276,0,5,0,34,0,3,100,1,0,7,0,0,4,0,0,48,204,2727,5,0,3315,0,0,61,18,0,0,31,7,0,602,0,10,0,0,0,0,12,0,0,747,10,49,0,9,59,19,51,526,0,593,573,11,0,59,527,0,14,0,100,0,0,0,0,0,0,0,0,0,0,0,0,1,0,116,0,0,2,0,5288,0,0,0,235,0,492,0,49,0,0,415,29,41,214,11,19,0,25,0,1223,170,8,0,0,0,0,1111,5,0,0,12,0,0,0,0,0,0,0,0,0,0,9,0,0,0,0,0,0,0,44,188,0,0,341,0,0,0,0,0,0,0,0,0,0,0,0,0,10,587,0,0,0,1496,0,0,0,0,7,54,0,1191,37,0,1138,0,0,8,6582,4,68,0,0
"ERR8157599",0,0,2,430,1,406,0,1,297,0,0,36,66,0,312,0,0,0,9,4,0,184,0,0,0,254,4,4222,0,0,0,0,0,0,0,341,2,0,0,0,0,0,0,1,0,3729,19,251,75,1316,0,0,105,121,0,0,0,0,19,0,1,0,0,0,591,0,0,0,0,256,0,29,0,1,42,58,0,0,16,0,0,231,0,22,0,166,818,0,203,0,0,0,0,0,222,3,0,0,0,1,0,0,10705,0,0,35,19,0,0,1,0,0,145,1,7,0,0,0,0,243,0,0,114,2,2,0,1,4,3,3,0,0,291,453,25,0,74,976,0,65,0,186,0,146,0,0,0,0,0,29,0,0,17,17,0,0,0,26,0,51,0,0,0,0,0,67,0,0,0,30,0,5,288,248,0,58,16,0,0,0,0,348,83,0,0,0,28,0,172,0,0,0,1934,0,18929,0,1798,0,309,0,0,0,2,0,1,0,0,0,0,21,0,7,421,10,0,693,0,0,0,0,0,0,14,0,1,0,87,0,0,1781,254,0,0,0,1775,6,2,0,0,0,5,0,786,256,70,1476,0,0,17,6130,988,4,0,0
"ERR8157600",0,7,0,0,0,1119,2,2,436,0,21,0,131,2,280,0,0,0,1,23,0,49,0,0,19409,2758,0,0,0,0,0,0,0,0,19,908,9,0,0,0,0,0,0,0,0,20033,202,38,571,3450,0,0,701,0,553,98,0,0,0,0,3,0,0,0,0,0,0,0,0,50,0,0,0,124,438,72,0,0,2,3,269,63,0,3,0,0,0,0,708,0,4,0,0,0,0,0,0,2,248,243,1,1,4165,0,0,104,0,0,0,184,0,0,383,0,35,0,0,0,0,2,0,0,0,29,0,0,2,24,0,0,2456,0,2262,774,34,0,116,651,0,30,0,259,0,593,1,3,0,1,7,2,0,0,0,0,0,0,0,0,0,29,0,0,0,0,0,0,0,28,0,203,0,0,0,430,0,134,0,0,0,0,0,682,855,417,0,0,0,0,11693,17,0,0,97,0,535,0,0,0,0,0,0,0,0,0,0,0,158,4,0,0,0,3,625,0,0,397,0,0,0,0,0,0,0,0,0,0,0,0,0,44,401,0,0,0,956,0,0,0,0,189,20,0,508,294,0,50,0,0,69,2205,8,0,0,0
"ERR8157601",0,99,0,0,1,436,0,0,0,0,0,0,97,82,292,0,137,0,0,0,0,3580,0,0,0,269,0,0,1,0,14,0,0,0,0,345,4,0,0,0,0,0,0,0,0,13505,0,79,329,1177,0,0,921,370,0,0,0,0,0,0,8,0,0,0,726,0,0,0,0,73,0,83,0,0,68,124,0,0,0,0,0,373,0,0,0,32,3670,144,560,0,12,328,0,0,0,0,0,0,0,12242,2,0,14492,0,0,82,98,0,0,176,18,0,0,0,11,15,0,0,0,5,0,0,158,39,36,0,520,13,0,24,645,0,729,1008,16,0,60,270,0,0,0,135,0,295,0,0,0,0,0,2,0,0,0,0,0,0,155,3,0,0,0,0,0,0,0,0,0,379,0,85,0,0,321,239,0,213,75,13,0,4,3,1151,138,629,0,0,0,0,181,15,0,0,7057,181,11878,0,0,0,99,0,0,0,0,0,0,0,1,0,0,210,0,0,520,0,0,0,0,0,0,0,0,0,17,0,0,0,0,0,0,27,944,0,0,0,0,0,0,2,0,0,8,0,3385,396,0,346,0,0,2,5251,5,0,0,0
"ERR8157602",0,0,0,393,0,165,0,2,230,0,94,35,53,0,92,0,0,0,0,8,0,429,0,0,9087,1473,0,0,0,0,0,0,0,0,0,231,6,0,0,0,0,0,0,0,0,5479,731,22,52,524,0,0,221,0,7,160,0,0,0,0,2,0,0,0,0,0,0,0,0,283,0,0,0,171,101,38,0,0,0,0,0,388,0,0,0,0,3,0,142,0,8,1,0,0,0,0,0,0,143,2,2,0,12960,0,0,45,25,0,0,7,0,0,215,0,42,0,0,0,0,97,0,0,40,5,0,0,13,27,135,6,223,0,470,1236,36,2,165,918,0,9,196,340,0,33,0,0,0,0,0,0,0,0,3,0,0,0,37,0,0,8,0,0,0,0,0,0,0,67,0,3,0,0,279,274,0,26,25,0,0,0,0,817,166,0,0,0,3,0,3344,10,0,0,0,0,35066,0,0,0,0,0,0,0,0,0,0,0,0,2,0,0,0,145,592,0,0,255,0,0,0,0,0,0,0,0,0,0,0,0,0,189,280,0,0,0,1213,35,0,31,0,0,2,2,1027,334,0,406,0,0,5,3091,862,0,0,0
"ERR8157603",0,0,2,3131,0,207,0,0,0,0,90,113,72,1,353,0,0,0,0,0,0,1049,0,0,4493,3556,0,0,0,0,0,0,0,0,0,407,9,0,0,0,0,0,0,0,0,30500,0,2381,0,909,0,0,187,766,6,0,0,0,0,0,0,0,0,0,0,0,0,0,0,95,0,0,0,38,87,0,0,0,0,0,143,270,0,10,0,0,12,0,171,10,21,0,0,0,0,0,0,0,230,5,0,0,9720,0,0,27,13,0,0,64,0,0,1620,0,7,0,0,0,0,3,0,0,0,20,0,0,4,18,6,99,0,0,1097,328,16,0,211,263,0,56,0,481,2,79,0,0,0,0,0,0,0,0,0,0,0,0,0,0,0,10,0,0,4,0,0,0,0,92,0,31,0,0,378,5,0,207,38,0,0,3,0,2201,0,23,0,0,0,0,5408,10,0,0,0,0,0,0,0,0,0,0,0,0,0,0,0,0,0,0,0,0,0,104,339,0,0,1369,0,0,0,0,0,0,0,0,0,0,0,0,0,37,155,0,0,0,2832,0,0,4,0,90,6,0,2581,648,0,278,0,0,9,2367,29,0,0,0
"ERR8157604",0,0,0,122,0,340,0,0,200,21,18,0,266,38,123,0,0,0,0,3,0,724,0,0,4,95,0,1,0,0,0,0,0,0,0,279,0,0,0,4,0,0,0,1,61,10048,0,252,22,2321,0,0,118,0,252,70,0,0,3,0,0,0,0,0,350,0,15,0,0,369,0,1,0,3946,54,289,0,0,0,0,0,300,0,0,0,0,521,0,324,0,1,0,0,0,497,0,1,0,6,35728,0,0,12030,0,0,12,10,6,0,0,0,0,910,3,21,0,4,0,0,12,0,0,536,4,15,0,0,32,385,0,650,0,282,1825,108,0,171,200,0,20,1,66,0,45,0,0,0,1,0,20,0,0,0,9,0,0,0,0,0,18,0,0,0,0,0,0,0,20,219,23,0,0,50,19,0,33,9,0,0,0,0,300,152,10,0,0,0,0,2,4,0,0,12163,0,4570,0,0,0,0,0,0,0,0,0,0,2,0,0,0,3,0,523,427,0,0,318,0,0,0,0,0,0,0,0,0,0,0,0,0,44,574,0,0,0,500,0,19,191,0,0,0,0,302,140,0,112,0,0,0,2317,55,5,24,0
