"","[Clostridium] innocuum group","[Eubacterium] brachy group","[Eubacterium] eligens group","[Eubacterium] fissicatena group","[Eubacterium] hallii group","[Eubacterium] nodatum group","[Eubacterium] ruminantium group","[Eubacterium] siraeum group","[Eubacterium] ventriosum group","[Eubacterium] xylanophilum group","[Ruminococcus] gauvreauii group","[Ruminococcus] gnavus group","[Ruminococcus] torques group","Abiotrophia","Acetanaerobacterium","Achromobacter","Acidaminococcus","Acinetobacter","Actinomyces","Adlercreutzia","Aeromonas","Agathobacter","Aggregatibacter","Akkermansia","AKYG587","Alcaligenes","Algoriphagus","Alistipes","Alkanindiges","Allisonella","Alloprevotella","Allorhizobium-Neorhizobium-Pararhizobium-Rhizobium","Alloscardovia","Anaerococcus","Anaerofilum","Anaerofustis","Anaeroglobus","Anaerolinea","Anaeroplasma","Anaerostignum","Anaerostipes","Anaerotruncus","Anaerovorax","Arenimonas","Asticcacaulis","Atopobium","Bacillus","Bacteroides","Barnesiella","Bifidobacterium","Bilophila","Blautia","Brachybacterium","Brevibacillus","Brevundimonas","Butyricicoccus","Butyricimonas","CAG-352","CAG-56","Candidatus Kuenenia","Candidatus Saccharimonas","Candidatus Soleaferrea","Candidatus Stoquefichus","Capnocytophaga","Cardiobacterium","Carnobacterium","Catabacter","Catenibacillus","Catenibacterium","Cellulosilyticum","CHKCI001","CHKCI002","Christensenella","Christensenellaceae R-7 group","Chroococcidiopsis SAG 2023","Chryseobacterium","Citrobacter","Cloacibacillus","Clostridioides","Clostridium sensu stricto 1","Cnuella","Colidextribacter","Collinsella","Companilactobacillus","Coprobacillus","Coprobacter","Coprococcus","Corynebacterium","Cuneatibacter","Curvibacter","Cutibacterium","Defluviitaleaceae UCG-011","Deinococcus","Desulfobacca","Desulfovibrio","Dialister","Dielma","Dorea","DTU089","Eggerthella","Eisenbergiella","Enhydrobacter","Enorma","Ensifer","Enterobacter","Enterococcus","Enterorhabdus","Epulopiscium","Erysipelatoclostridium","Erysipelotrichaceae UCG-003","Erysipelotrichaceae UCG-006","Escherichia-Shigella","Eubacterium","Ezakiella","F0332","Faecalibacterium","Faecalicoccus","Faecalitalea","Family XIII AD3011 group","Family XIII UCG-001","Fenollaria","Finegoldia","Flavobacterium","Flavonifractor","Fournierella","Frisingicoccus","Fructilactobacillus","Furfurilactobacillus","Fusicatenibacter","Fusobacterium","Gardnerella","GCA-900066575","GCA-900066755","Gemella","Geobacillus","Gordonibacter","Granulicatella","Haemophilus","Harryflintia","Helicobacter","Holdemanella","Holdemania","Howardella","HT002","Hungatella","Incertae Sedis","Intestinibacter","Intestinimonas","JGI-0000079-D21","Johnsonella","Klebsiella","Kocuria","Kurthia","Lachnoclostridium","Lachnospira","Lachnospiraceae AC2044 group","Lachnospiraceae FCS020 group","Lachnospiraceae NC2004 group","Lachnospiraceae ND3007 group","Lachnospiraceae NK4A136 group","Lachnospiraceae UCG-001","Lachnospiraceae UCG-003","Lachnospiraceae UCG-004","Lachnospiraceae UCG-010","Lacticaseibacillus","Lactiplantibacillus","Lactobacillus","Lactococcus","Lactonifactor","Latilactobacillus","Lawsonella","Leptolinea","Leptotrichia","Leuconostoc","Ligilactobacillus","Limnobacter","Limosilactobacillus","Longilinea","Luteimonas","Lysobacter","Macrococcus","Marvinbryantia","Massilia","Megamonas","Megasphaera","Merdibacter","Methanobrevibacter","Methylobacterium-Methylorubrum","Microbacterium","Micromonospora","Mitsuokella","Mobiluncus","Mogibacterium","Monoglobus","Morganella","Mycobacterium","Mycoplasma","Negativibacillus","Neisseria","Nitrospira","NK4A214 group","Nocardioides","Noviherbaspirillum","Novosphingobium","Odoribacter","OLB13","Olsenella","Oribacterium","Oscillibacter","Oscillospira","Oxalobacter","Paeniclostridium","Paeniglutamicibacter","Paenisporosarcina","Paludicola","Papillibacter","Parabacteroides","Paracoccus","Paraeggerthella","Paraprevotella","Parasutterella","Parvimonas","Patulibacter","Pediococcus","Pedobacter","Peptoclostridium","Peptococcus","Peptoniphilus","Peptostreptococcus","Phascolarctobacterium","Phocea","Porphyromonas","Prevotella","Prevotella_9","Prevotellaceae Ga6A1 group","Prevotellaceae NK3B31 group","Prevotellaceae UCG-001","Propionibacterium","Propioniciclava","Proteus","Pseudarthrobacter","Pseudomonas","Pseudopropionibacterium","Psychrobacter","Pygmaiobacter","Pyramidobacter","Rahnella1","Raoultella","Raoultibacter","Rhizobacter","Rhodococcus","Rikenellaceae RC9 gut group","Robinsoniella","Romboutsia","Roseburia","Roseococcus","Rothia","Ruminiclostridium","Ruminococcus","Sanguibacteroides","Sarcina","Scardovia","Selenomonas","Sellimonas","Senegalimassilia","Shewanella","Shuttleworthia","Slackia","SM1A02","Solobacterium","Sphingomonas","Staphylococcus","Streptococcus","Streptomyces","Subdoligranulum","Sulfurimonas","Sutterella","Synergistes","Terrisporobacter","Thermus","Tissierella","TM7a","TM7x","Treponema","Turicibacter","Tuzzerella","Tyzzerella","UBA1819","UBA6140","UC5-1-2E3","UCG-002","UCG-003","UCG-004","UCG-005","UCG-008","UCG-009","Unknown","Vagococcus","Veillonella","Verrucosispora","Vibrio","Weissella"
"SRR9671446",67,0,0,0,0,0,0,0,0,0,0,2199,1469,0,0,0,260,32,2,1,0,0,0,0,0,0,0,0,0,0,0,0,0,0,0,0,0,0,0,0,113,0,0,0,0,0,0,67,0,871,0,473,0,0,0,0,0,0,0,0,0,0,0,0,0,0,0,0,0,0,0,0,0,0,0,0,0,0,2,66,0,0,0,0,0,1,0,0,0,0,0,0,0,0,0,48,0,0,0,0,0,0,0,0,0,51,0,0,126,0,0,26467,0,0,0,1,0,0,0,0,0,0,0,7,0,0,0,0,0,0,0,0,0,1,0,0,0,0,0,0,0,0,0,0,0,0,7,0,0,0,892,0,0,500,7,0,0,0,0,0,0,0,0,0,0,0,11,6,0,0,0,0,0,0,0,0,8,0,0,0,0,0,2,0,1248,0,0,0,0,0,0,0,0,1,0,0,0,0,0,0,0,0,0,0,0,0,0,0,0,0,0,0,0,0,0,0,10,0,0,0,0,0,0,0,0,0,0,0,0,0,0,0,0,0,0,0,0,0,0,22,0,0,0,0,0,0,0,0,0,0,0,0,0,184,0,0,1,0,0,0,0,0,0,0,0,0,0,0,0,0,0,0,73,0,3,0,0,0,2,0,0,0,1,0,10,0,0,32,0,0,0,0,0,0,0,0,281,0,76,0,0,5
"SRR9671447",1,0,1,0,110,0,0,0,6,0,0,174,103,0,0,0,84,25,0,3,0,24,0,0,0,0,0,276,0,32,0,0,0,0,0,0,0,0,0,0,14,2,0,0,0,0,0,6406,0,44,22,428,0,0,0,173,11,2,6,0,0,2,1,0,0,0,0,4,0,0,0,0,0,0,0,0,0,0,0,63,0,4,127,0,0,4,102,0,0,0,0,0,0,0,161,1,0,97,1,5,0,0,0,0,0,527,0,0,0,14,0,32,0,0,0,2514,0,3,0,0,0,1,0,22,0,0,0,0,59,735,0,0,0,0,0,0,0,0,0,0,0,3,0,1,0,16,0,1,0,0,0,0,0,827,62,0,0,0,7,5,0,0,40,14,1,1,0,0,0,0,0,0,0,0,2,0,0,0,0,0,0,5,0,9277,502,0,0,0,0,0,0,0,0,10,0,0,0,29,0,0,56,0,0,0,21,0,0,0,11,0,0,0,0,0,0,0,169,0,0,51,0,0,0,0,0,0,0,0,0,506,1,0,7,2,0,0,0,0,0,0,0,5,0,0,0,0,0,0,0,0,1,0,0,8,1112,0,1,0,34,0,0,0,0,0,0,0,0,20,0,0,0,0,7,0,1442,0,1,0,0,0,0,0,2,0,0,24,5,11,0,0,28,0,0,16,0,0,961,0,1,0,0,0
"SRR9671448",4,0,24,0,710,0,0,0,416,0,0,772,378,0,0,0,13,31,13,0,0,5686,0,60,0,0,0,68,0,113,0,0,0,0,0,0,0,0,0,0,17,0,0,0,0,5,0,1551,0,1437,59,1320,0,0,0,456,3,0,0,0,0,0,0,0,0,0,0,0,0,0,0,0,0,0,0,0,0,0,0,35,0,21,154,0,0,0,0,1,0,0,0,0,0,0,0,5,0,1,0,18,4,0,10,0,0,5,0,0,24,0,0,554,0,0,0,1336,0,0,0,0,0,0,0,12,0,0,0,0,76,1,0,0,0,6,0,0,0,1,0,0,0,0,0,159,0,7,1,4,0,0,0,0,0,1159,65,0,7,0,72,2,0,0,43,0,50,0,88,0,0,0,0,0,0,0,0,0,15,0,0,0,0,2,0,0,0,0,0,0,0,0,0,0,0,52,0,0,0,0,0,0,0,0,0,0,0,0,0,0,10,55,0,0,0,0,0,0,6,0,0,0,0,0,0,0,0,0,0,0,0,1333,0,0,0,0,0,0,0,0,0,0,0,3,0,0,0,2,0,0,0,0,5,0,0,15,1135,0,7,0,1524,0,0,0,0,58,0,0,0,0,0,3,0,56,1931,0,54,0,0,0,0,0,0,0,26,0,0,12,59,3,0,0,1,0,0,0,0,0,485,0,2420,0,0,0
"SRR9671449",34,0,0,4,611,7,0,1,7175,0,1,480,473,0,0,0,0,46,39,6,0,6,0,3909,0,2,2,24,0,0,0,0,0,0,0,0,0,0,0,0,79,0,0,0,0,7,0,199,9,1357,1,5568,0,0,0,107,0,2,0,0,0,2,0,0,0,0,9,0,0,0,0,0,0,0,0,0,0,0,0,26,0,2,1039,0,0,0,167,0,0,0,0,0,0,0,0,0,0,400,21,203,411,0,30,0,0,5,0,0,18,730,0,1508,4,0,0,18,0,0,12,22,0,0,0,11,0,0,0,0,0,0,0,0,0,2,0,24,0,0,0,0,0,1,0,2,0,7,26,1,0,0,0,0,0,1234,7,0,5,0,2,16,1,1,0,4,0,0,0,0,0,0,0,0,0,0,1,0,0,5,0,9,0,42,0,29,692,0,0,2,0,6,0,0,0,40,0,3,0,1,0,0,16,0,0,0,0,1,0,0,3,0,0,0,0,0,0,0,22,0,0,0,2,0,0,0,1,0,0,0,0,2,0,0,0,6,0,0,0,3,0,0,0,12,0,0,0,0,0,0,0,0,3,0,0,730,3,0,1,0,667,0,1,0,0,2,0,0,0,0,0,7,0,0,820,0,37,3,0,0,2,0,0,0,48,0,42,0,103,182,0,0,1,0,0,2,0,0,678,0,1,4,0,1
"SRR9671450",40,0,0,0,678,0,0,0,36,5,115,284,1145,0,0,0,1,43,24,9,0,885,0,0,0,0,0,2,0,90,0,0,0,0,0,0,0,0,0,0,388,0,0,0,0,0,0,66,0,17,38,3024,0,3,0,360,0,134,331,0,0,0,0,0,0,0,0,0,0,0,0,0,0,0,0,0,0,0,0,6144,0,0,214,0,0,0,250,0,0,0,0,0,0,0,3,0,0,689,0,0,3,0,0,0,3,0,0,0,4,586,0,2842,0,0,0,746,0,0,0,3,0,0,0,0,0,0,0,0,123,710,0,1,0,7,0,0,0,1,0,0,0,11,0,0,0,6,673,0,0,0,1,0,0,603,12,0,26,0,66,22,0,1,16,53,0,0,3,0,0,0,0,0,0,0,19,0,1,0,0,0,0,14,7,1,4,0,0,1,0,0,0,0,0,25,0,0,0,0,0,0,4,0,0,0,0,0,0,0,0,0,0,0,0,0,0,0,0,2,0,0,0,0,0,0,0,0,0,0,1,49,0,0,10,0,0,0,0,0,0,0,0,13,0,0,0,0,0,0,0,0,1,0,0,2284,2581,0,1,0,176,0,0,0,0,0,0,0,0,0,0,11,0,4,608,0,249,0,0,0,0,0,0,0,6,0,246,0,1,2,0,0,3,0,0,12,0,0,934,0,105,0,0,0
"SRR9671451",910,0,0,0,3,0,1,7,4,0,0,3271,2028,0,0,0,0,122,30,0,0,41,0,617,0,0,0,9,0,85,0,0,0,3,0,0,0,0,0,0,51,0,0,0,0,0,0,107,0,27,0,10220,0,0,0,6,0,39,2,0,0,0,0,0,0,0,0,0,0,0,74,0,0,23,0,0,8,0,79,14,0,0,0,0,0,0,26,0,5,0,0,0,0,0,2,2322,0,2,287,417,0,0,0,0,229,5,0,0,1234,0,0,151,0,0,0,149,0,0,1,0,0,2,0,0,0,0,0,0,3,5,0,0,0,0,0,0,0,0,0,0,9,0,0,0,16,288,648,0,0,0,3841,0,0,236,5,0,0,0,0,11,1,0,0,6,0,0,4,4,0,0,0,0,0,0,17,0,0,0,0,0,0,0,6,3,86,0,0,5,0,0,0,0,0,884,0,0,0,2,0,0,19,0,0,0,0,0,0,0,2,0,0,0,0,0,1,0,2,2,0,0,0,0,0,0,0,0,0,6,0,6,0,0,0,64,0,0,0,0,0,0,0,32,0,0,0,0,0,16,0,0,3,0,0,22,17,0,8,0,7,0,0,0,0,111,0,0,0,0,0,0,0,0,375,0,90,0,2,0,0,0,0,0,0,0,46,0,388,449,0,0,46,2,0,10,0,1,2268,0,36,0,0,2
"SRR9671452",0,0,5,0,462,0,0,0,7,0,0,205,209,0,0,0,14,35,3,0,0,8357,0,156,0,0,0,0,0,10,0,0,6,0,0,0,0,0,0,0,1715,0,0,0,0,4,0,51,0,8,0,990,0,0,0,73,0,1,553,0,0,0,0,0,0,0,0,0,0,0,0,0,0,0,0,0,0,0,0,4,0,0,0,0,0,0,0,0,0,0,0,0,0,0,2,3326,0,166,0,37,0,0,0,0,0,0,0,0,74,271,0,3109,0,0,0,1220,0,0,0,0,0,0,0,2,0,0,0,0,115,0,0,0,0,2,0,0,2,0,0,0,0,0,0,0,9,6,8,0,0,0,1,0,0,241,15,0,0,0,37,0,0,0,0,0,0,0,0,0,0,0,0,0,0,0,0,0,12,0,0,0,0,4,0,0,3115,0,0,0,0,0,0,0,0,0,0,0,0,0,0,0,0,0,0,0,4,0,0,0,0,0,0,0,0,0,0,0,0,1,0,0,0,0,0,0,0,0,0,0,0,0,0,0,98,0,0,0,0,1,0,0,0,10,0,0,0,0,0,0,0,0,0,0,0,0,96,0,9,0,115,0,0,0,0,0,0,0,0,0,0,2,0,0,38,0,2755,0,0,0,0,0,0,0,2,0,0,0,0,0,0,0,0,1,0,0,0,0,186,0,20,0,0,0
"SRR9671453",10,229,31,32,4684,75,0,209,92,8,60,82,528,1,0,0,0,69,23,342,0,356,0,31,0,0,0,207,0,0,0,0,0,0,0,0,0,0,0,0,305,11,0,0,0,8,2,712,55,2976,0,5089,0,0,0,54,20,0,0,0,0,13,0,0,0,0,33,27,0,0,0,0,41,43,0,0,6,0,0,18,0,3,732,0,0,9,0,10,0,0,0,5,0,0,186,11,0,210,187,32,0,0,0,0,1,12,0,0,142,0,0,3682,0,0,0,1042,0,4,6,15,0,0,0,13,0,187,0,0,270,0,0,0,4,17,0,21,0,0,0,0,0,4,0,0,0,320,12,62,0,0,82,0,0,552,0,0,3,0,4,76,15,0,0,23,0,0,175,10,10,0,0,0,0,0,32,0,0,0,0,0,0,0,0,36,1,0,0,1,0,0,0,0,3,235,0,0,0,5,0,0,0,0,0,0,19,0,0,0,86,0,0,0,0,0,9,0,42,0,0,73,0,0,0,0,0,0,0,0,0,1537,4,0,0,84,0,0,0,0,0,0,0,8,0,0,37,33,0,0,23,0,6,0,0,690,392,0,2,0,153,0,0,0,0,101,0,0,0,0,0,5,0,0,2631,0,2179,0,16,0,1,0,0,0,10,0,0,218,0,197,0,0,195,9,0,62,0,2,1800,0,5,0,0,52
"SRR9671454",0,0,103,0,84,7,0,441,18,0,7,20,97,0,0,0,0,5,0,42,0,927,0,81,0,0,0,1126,0,0,0,0,0,0,1,0,0,0,0,0,1129,0,0,0,0,0,0,3608,0,65,50,1283,0,0,0,150,0,2,0,0,0,0,0,0,0,0,0,0,0,0,0,0,0,429,0,0,0,0,0,4,0,3,0,0,0,0,264,0,0,0,0,14,0,0,0,0,0,88,3,13,3,0,0,0,0,4,0,0,0,132,0,3568,0,0,0,5601,0,0,32,22,0,0,0,32,0,0,0,0,565,0,0,16,0,0,0,0,0,0,0,0,1,6,0,3,7,138,0,16,0,0,0,0,0,288,130,0,0,0,77,68,0,0,42,119,0,0,99,0,0,0,0,0,0,0,0,0,0,0,0,0,0,0,0,0,0,0,0,0,0,0,0,0,0,12,0,0,0,17,0,0,0,0,0,0,0,0,0,0,40,0,0,0,0,0,0,0,0,0,0,0,142,0,0,2,0,0,0,0,0,1136,0,0,0,0,0,0,0,0,0,0,0,0,0,0,0,0,0,0,0,0,4,0,0,142,293,0,0,0,173,0,0,0,0,35,0,0,0,0,0,0,0,0,69,0,743,0,0,0,0,0,0,0,2,0,0,0,0,41,0,1,132,33,0,148,0,16,3450,0,12,0,0,1
"SRR9671455",570,0,0,18,0,1,0,0,0,0,0,2283,235,0,0,0,0,75,46,0,0,0,0,3302,0,0,0,5,0,0,0,0,0,0,0,0,0,0,0,0,557,0,0,0,0,7,0,1341,0,46,241,3319,0,0,0,197,0,0,0,0,0,0,0,0,0,0,0,0,0,0,0,0,0,0,0,0,0,0,0,4,0,8,0,0,9,0,0,0,0,0,0,0,0,0,0,3,0,0,0,125,0,0,0,0,0,8,0,0,164,126,0,534,0,0,0,6,0,0,0,0,0,0,0,85,0,0,0,0,0,23,5,0,0,3,0,0,3,0,0,0,0,0,0,0,10,88,0,0,0,0,0,0,0,1654,0,0,0,0,0,0,0,0,14,61,0,0,0,3,7,0,0,0,0,0,0,0,1,0,0,0,0,0,5,0,0,0,0,1,0,0,0,0,0,0,0,0,0,0,0,0,0,0,0,0,0,0,0,0,0,0,0,0,0,0,0,0,8,2,5,1,0,0,0,0,0,0,0,0,0,525,0,0,0,0,0,0,0,0,0,0,0,11,0,0,0,0,0,0,0,0,0,0,0,0,0,0,0,0,0,0,0,0,0,4,0,0,0,0,0,3,0,0,7170,0,3,0,0,0,0,0,0,0,22,0,0,570,0,239,0,0,0,0,0,0,0,0,4164,0,45,0,1,0
"SRR9671456",730,0,0,0,21,0,0,0,1,0,1,2688,1,1,0,0,0,43,0,0,0,2,0,0,0,0,0,0,0,0,0,0,0,0,0,0,0,0,0,0,2485,0,0,0,0,1,0,1799,0,2,0,539,0,0,0,16,0,1,0,0,0,4,0,0,0,0,0,0,0,0,0,0,0,1,0,0,0,0,9,0,0,0,1,0,0,0,0,0,0,0,0,0,0,0,0,0,0,1,0,0,0,0,0,0,0,12,0,0,854,1,0,5742,0,0,0,13,0,0,0,0,0,0,0,1,913,0,0,0,0,4,0,0,0,0,0,0,0,2,0,0,1,0,0,0,2413,35,77,0,0,0,75,0,0,6709,0,0,0,0,0,0,0,0,0,0,0,0,0,0,0,2,0,0,0,0,0,0,0,0,0,0,0,0,3,1,1,0,0,0,0,0,0,0,1,0,6,0,0,0,0,0,1,0,0,0,0,0,0,0,0,0,0,0,0,0,0,0,1,0,0,0,261,0,0,0,0,0,0,0,0,0,0,0,0,0,0,0,0,0,0,0,0,18,0,0,0,0,0,0,0,0,1,0,0,3,0,0,0,0,5,0,0,0,0,0,0,0,0,0,0,0,0,0,13,0,0,0,0,0,0,0,0,0,29,0,1,0,0,0,0,0,1,0,0,0,0,0,839,0,1585,0,0,0
"SRR9671457",64,0,0,0,2,2,0,1,0,0,27,1367,274,0,0,0,0,73,7,139,0,3,0,0,0,0,0,11,0,0,0,0,0,0,0,0,6,0,0,0,38,0,0,0,0,0,0,3211,0,476,65,861,0,0,0,67,0,0,0,0,0,0,0,0,0,0,0,0,0,0,0,0,0,0,0,0,8,0,0,25,0,0,3,0,0,0,0,9,0,0,0,0,0,0,0,65,0,0,0,115,0,0,0,0,4,8,0,0,24,1353,0,10120,7,0,0,1245,0,0,0,0,0,0,0,71,0,0,0,0,0,1061,0,0,0,16,0,0,0,1,0,0,2,0,0,0,286,56,130,0,0,3,514,0,0,1906,0,0,0,0,0,2,0,0,6,0,0,0,0,51,0,2,0,0,0,2,0,0,0,0,0,0,0,0,2,2,35,0,0,0,0,0,0,0,0,0,0,0,0,0,0,0,0,0,0,0,0,0,0,0,0,0,0,0,0,0,0,0,315,0,0,0,0,0,0,0,0,0,0,0,4,1,0,0,0,1,0,0,0,0,0,0,0,14,0,0,0,2,0,0,0,0,1,0,0,13,557,0,62,0,0,0,0,0,0,14,0,0,0,0,0,3,0,0,659,0,2,0,0,0,0,0,0,0,20,0,6,0,0,222,0,0,1,0,0,1,0,0,828,0,4460,0,0,77
"SRR9671458",0,0,3,0,28,0,4,0,0,0,4,1,17,0,0,0,0,705,0,0,0,144,0,22,0,0,0,9,5,0,0,0,0,0,0,0,0,0,2,0,25,0,0,0,0,0,0,82,7,56,1,86,0,0,0,6,0,2,0,0,0,0,0,0,0,0,0,0,0,0,0,0,0,3,0,0,0,0,0,1,0,0,9,0,0,0,8,0,0,0,0,0,0,0,1,6,0,11,0,1,0,0,0,0,3,26083,0,0,0,7,0,16,0,0,0,197,0,0,1,0,0,0,0,1,0,0,0,0,13,0,0,0,0,0,0,0,0,0,0,0,15,0,0,4,4,4,1,0,0,0,6,0,35,7,0,0,0,0,0,2,0,0,0,3,34,1,0,2,0,1,0,0,0,2,6,0,3,0,0,0,0,2,26,23,5,0,0,10,7,0,0,0,0,3,0,0,0,0,0,0,0,0,0,0,2,0,0,0,0,0,0,0,0,0,0,0,3,25,0,10,0,0,0,0,0,0,0,0,0,4,0,0,0,93,0,0,0,0,0,0,0,116,0,0,0,0,0,0,0,0,14,0,0,19,17,0,0,0,3,0,0,50,0,1,1,0,0,0,0,0,0,8,78,0,18,0,0,0,0,6,0,0,0,0,0,0,0,2,0,0,1,0,0,1,0,1,139,0,3,0,0,2
"SRR9671459",1,4,0,0,225,2,18,0,845,4,0,43,6,0,0,0,0,14,1,150,0,1670,0,0,0,0,0,623,0,0,0,0,0,0,0,0,0,0,0,0,136,0,0,0,0,0,0,1794,0,49,22,584,0,0,0,240,0,0,251,0,0,4,0,0,0,0,0,0,0,0,0,0,0,31,0,0,0,0,0,342,0,2,38,0,0,0,368,0,0,0,0,5,0,0,0,1537,0,172,0,4,2,0,0,0,0,0,0,0,0,145,0,89,0,0,0,5937,0,1,4,0,0,0,0,5,0,0,0,0,332,0,0,1,0,0,0,0,0,55,0,0,1,0,0,3,0,20,553,2,0,0,0,0,0,196,17,0,5,0,6,177,58,71,0,1,0,0,1,0,0,0,0,0,0,0,0,0,0,0,0,0,0,3,0,0,0,0,0,0,0,0,0,0,0,79,0,0,0,0,0,0,23,0,0,0,0,0,0,0,0,0,0,0,0,0,0,0,46,0,0,0,26,0,0,0,0,0,0,0,0,7,1,0,0,1,0,0,0,0,0,0,0,0,0,0,0,0,0,0,0,0,0,0,0,343,3674,0,0,0,612,0,0,0,0,4,0,0,0,0,0,0,0,0,24,0,2483,0,0,0,0,0,0,0,1,0,199,0,32,4,0,0,181,3,0,80,0,0,1344,0,15,0,0,0
"SRR9671460",18,0,162,18,292,355,8,0,32,0,0,21,495,0,0,0,0,15,2,0,0,124,0,711,0,0,0,0,0,209,0,0,0,2,0,0,0,0,0,0,337,51,0,0,0,1,0,7382,0,72,0,875,0,0,0,288,0,0,8,0,0,6,5,0,0,0,0,0,0,6,0,0,0,0,0,0,0,0,0,726,0,47,0,0,4,0,2562,0,0,0,0,0,0,0,413,2287,0,47,9,76,208,0,0,0,0,0,0,0,45,0,0,137,8,12,0,1211,0,5,0,0,4,1,0,446,0,0,0,0,116,8,0,0,0,1,0,41,0,0,0,0,1,40,0,0,100,40,838,0,0,0,271,0,0,1229,34,0,0,0,4,813,61,0,191,0,0,0,6,0,0,0,0,0,0,0,3,0,10,0,0,0,0,0,0,0,0,0,0,1,0,0,0,0,0,12,0,0,0,0,0,0,0,0,0,0,0,0,0,0,290,0,22,0,0,0,0,0,0,0,0,0,402,0,0,0,0,0,0,14,7,0,0,12,26,1,0,0,0,0,0,0,0,6,0,0,0,46,0,0,0,0,0,4,0,133,4425,0,1,0,378,0,688,0,26,68,0,0,0,4,0,2,0,0,64,0,3329,0,131,0,12,0,0,0,3,0,40,0,0,115,0,92,0,0,0,0,0,0,1622,0,4,0,0,0
"SRR9671461",740,0,0,9,0,0,0,0,0,0,0,3295,0,0,0,0,0,33,12,0,0,0,0,0,0,0,0,21,0,0,0,0,0,2,0,0,0,0,0,0,1,0,0,0,0,0,0,1783,0,4,0,257,0,0,0,0,1,0,0,0,0,0,0,0,0,0,0,0,0,0,0,0,0,0,0,0,24,0,0,0,0,5,0,0,0,0,0,0,0,0,0,0,0,0,0,756,6,0,0,0,0,0,0,0,1,31,0,0,496,0,0,12441,0,0,0,0,0,276,0,0,0,0,0,102,0,0,0,0,0,0,0,0,0,2,0,0,0,0,0,0,0,0,0,0,1358,0,705,31,0,0,543,0,0,4672,0,0,0,0,0,0,0,0,0,1,0,1,11,12,0,0,0,0,0,0,99,0,1,0,0,0,0,0,0,0,0,0,0,3,0,0,0,0,0,0,0,0,0,0,0,0,0,0,0,0,9,0,0,0,9,0,0,0,0,0,0,0,68,2,0,0,203,0,0,0,0,0,0,0,0,5,0,0,1,0,0,0,0,0,0,0,0,11,0,0,0,0,0,0,0,0,4,0,0,0,0,0,2,0,0,0,0,0,0,0,0,0,0,0,0,0,0,0,193,0,0,0,0,0,0,0,0,0,0,0,0,0,0,367,0,0,0,0,0,0,0,0,492,0,81,0,0,0
"SRR9671462",8,0,49,7,319,3,0,64,221,86,0,3,207,0,0,0,0,16,2,42,0,493,0,1273,0,0,0,1019,0,0,0,0,0,0,0,0,0,0,0,0,168,6,0,0,0,1,0,3851,468,2516,14,2341,0,0,0,164,5,0,0,0,0,0,3,0,0,0,0,2,0,0,0,0,0,224,0,0,0,0,0,50,0,0,210,0,0,0,0,0,0,0,0,2,0,0,0,0,0,409,11,19,13,0,0,0,0,9,0,0,42,121,0,63,0,0,0,1115,0,0,25,0,0,0,0,9,0,0,0,0,231,0,0,0,0,1,0,0,0,0,0,0,3879,6,0,0,21,16,43,13,0,0,5,0,0,26,38,0,19,0,3,142,31,0,0,18,0,0,34,0,0,0,0,0,0,0,66,0,8,0,0,0,0,15,1,0,0,0,0,1,0,0,0,0,0,193,0,0,0,0,0,0,398,0,0,0,89,0,0,0,26,0,0,0,0,0,3,0,136,0,0,0,1,0,0,0,0,0,0,0,0,269,0,0,0,0,0,0,0,0,0,0,0,0,0,0,0,10,0,0,1,0,2,0,0,388,337,0,0,0,2267,0,0,2,0,2,0,0,0,0,0,0,0,0,123,0,2093,0,2,0,2,0,0,0,2,0,8,0,37,27,0,0,427,69,0,51,0,0,1164,0,0,0,0,0
"SRR9671463",21,0,0,26,642,1,0,0,0,0,0,957,177,0,0,0,4,48,10,207,0,13,0,0,0,0,0,44,0,313,0,0,0,0,0,0,0,0,0,0,2784,7,0,0,0,0,0,924,2,2585,15,10005,0,0,0,541,0,20,0,0,0,0,0,0,0,0,0,0,0,0,0,0,0,0,0,0,0,0,0,0,0,7,0,0,1,0,2,2,0,0,0,0,0,0,148,243,0,0,0,160,43,0,0,0,3,3,0,0,85,3,0,278,0,0,0,2515,0,6,6,0,0,3,0,2,0,0,0,0,4,133,0,0,0,4,0,0,2,0,0,0,0,0,0,0,24,64,173,0,0,0,10,0,0,417,22,0,0,0,25,5,0,0,10,27,0,0,0,0,0,0,0,0,0,0,0,0,8,0,0,0,0,0,0,0,0,0,0,1,0,0,0,0,0,2002,0,0,0,0,0,0,0,0,0,0,1,0,0,0,6,0,0,0,0,0,0,0,22,3,0,5,70,3,0,0,0,0,0,5,1,2,0,0,0,0,0,5,0,0,0,0,0,12,0,0,0,0,0,0,157,0,1,0,0,257,182,0,1,0,2862,0,0,1,0,1054,0,0,0,0,0,7,0,0,612,0,2024,0,2,0,0,0,0,0,33,0,0,0,38,47,0,0,29,1,0,1,0,0,604,0,11,0,0,1
"SRR9671464",2,2,0,0,303,3,0,0,8,0,78,123,661,0,0,0,0,159,6,0,0,6,0,7,0,0,0,3,3,0,0,0,0,0,0,0,0,0,0,0,2272,0,0,0,0,2,0,17448,0,91,0,1782,0,0,0,605,0,0,56,0,1,0,0,0,0,0,0,0,0,0,0,0,0,2,0,0,0,0,0,30,0,0,132,0,0,2,121,0,0,0,0,0,0,0,0,0,0,187,0,3,0,0,0,0,10,0,0,0,115,467,0,569,0,0,0,429,0,0,0,0,0,0,0,15,0,0,0,0,44,0,0,0,0,8,0,0,0,0,0,0,0,2,0,0,0,6,14,0,0,0,619,0,0,2935,4,0,3,0,88,21,0,0,0,7,0,1,0,0,0,0,0,0,0,0,0,0,0,0,0,0,0,1,7,4359,0,0,0,0,0,0,0,0,0,154,0,0,0,1,0,0,1,0,0,0,0,0,0,0,0,0,0,0,0,0,0,0,93,2,0,0,98,1,0,0,0,0,0,0,0,0,0,0,0,2,0,0,0,0,0,0,0,18,0,0,1,0,0,0,0,0,3,0,0,296,1044,0,4,0,7,0,0,0,0,0,0,0,0,16,0,5,0,0,68,0,579,0,0,0,0,3,0,0,55,0,3,0,549,0,0,0,0,0,0,0,0,0,739,0,3,0,0,0
"SRR9671465",135,0,0,0,2,0,0,0,0,0,0,86,634,1,6,0,0,267,21,43,0,0,0,0,0,0,0,5,10,0,0,0,0,0,0,0,0,0,0,0,778,0,0,0,0,0,0,791,0,3,0,2514,0,0,0,33,0,5,0,0,0,8,0,0,0,0,0,0,0,0,0,0,0,0,0,0,0,0,0,5112,0,26,0,0,0,0,0,0,0,0,0,0,2,0,0,0,0,54,1,200,0,0,0,0,0,2,0,0,1047,0,0,3,8,0,0,8,0,49,0,0,0,0,0,41,0,0,0,0,0,273,0,0,0,3,0,8,1,0,0,0,0,0,28,0,7,10,8,0,0,0,2,0,0,1373,1,0,0,0,0,0,0,0,0,0,0,0,7,0,0,0,0,0,0,0,0,0,0,0,0,0,0,0,16,18795,0,0,0,14,0,0,0,0,0,0,0,0,0,0,0,0,0,0,0,0,0,0,0,0,0,0,0,0,0,0,0,0,26,9,0,0,0,0,0,0,0,0,0,0,0,1147,1,0,117,0,0,0,0,0,0,0,0,59,0,0,0,0,0,0,0,0,7,0,0,76,0,0,0,0,0,0,0,0,0,22,0,0,0,0,0,0,0,0,265,0,65,0,0,0,0,3,0,0,7,0,4,20,0,66,0,0,0,0,0,0,0,0,1962,0,0,0,0,0
"SRR9671466",0,6,21,2,137,0,0,14,192,86,0,0,36,0,1,0,0,17,1,0,0,1905,0,0,0,0,0,204,0,15,0,0,0,0,0,2,0,0,0,0,12,0,0,0,0,0,1,1195,87,23,20,340,0,0,0,84,5,3,73,0,0,0,0,0,0,0,0,0,0,0,0,0,0,282,0,0,0,0,0,123,0,0,0,0,0,0,431,0,0,0,0,0,0,0,87,648,0,56,0,0,6,0,0,0,0,1,0,0,0,157,0,10069,0,0,0,3630,0,2,0,0,0,0,0,7,0,5,0,0,125,0,0,13,0,0,0,0,0,0,0,0,0,1,0,0,2,54,4,0,0,0,652,0,0,131,41,0,12,1,2,248,8,8,57,11,0,0,0,0,0,0,0,0,0,0,2,0,5,0,0,0,0,4,0,0,69,0,0,0,0,0,0,0,0,13,0,0,0,0,0,0,49,0,0,0,14,0,0,0,11,0,0,0,0,0,2,0,112,0,0,0,3,1,0,0,0,0,0,0,0,0,0,0,0,0,0,0,0,0,0,0,0,3,0,0,0,10,0,0,0,0,1,0,0,0,1644,0,0,0,128,0,0,0,0,56,0,0,0,0,0,0,0,0,15,0,792,0,3,0,0,0,0,0,2,0,5,0,6,8,0,0,257,2,0,8,0,0,1338,0,23,0,0,0
"SRR9671467",474,0,0,0,0,0,0,0,0,0,0,86,2,0,0,0,0,5,8,0,0,1,0,0,0,0,0,171,0,0,0,0,0,0,0,0,2,0,0,0,80,0,0,0,0,0,0,12466,0,19,69,17,0,0,0,0,17,0,0,0,0,0,0,0,0,0,0,255,0,36,0,0,0,0,0,0,2,0,0,162,0,0,0,0,0,0,0,0,0,0,0,0,0,0,0,0,0,12,0,15,21,0,0,0,0,669,0,0,1,1307,0,3264,9,0,0,0,0,0,0,0,0,0,0,227,0,0,0,0,0,0,0,0,0,1,0,1,0,0,0,0,0,0,0,0,1414,20,823,50,0,0,0,0,0,1812,128,0,0,0,0,0,0,0,2,0,0,0,1,0,29,0,0,0,0,0,382,0,2,0,0,0,0,0,0,0,6,0,0,1,0,0,0,0,0,0,0,0,0,0,0,0,0,0,0,0,0,0,0,0,325,0,0,0,0,0,4,0,914,0,0,0,288,0,0,0,0,0,0,0,0,1233,0,0,0,4,0,0,0,0,0,0,0,3,0,0,0,0,0,0,0,0,5,0,4,15,2,0,2,0,375,0,0,0,0,0,0,0,0,0,0,3,0,0,188,0,0,0,0,0,98,0,0,0,0,0,7,0,0,2450,0,0,0,0,0,0,0,0,132,0,675,0,0,0
"SRR9671468",0,4,40,0,145,0,958,159,39,42,93,0,115,0,0,0,0,5,0,80,0,1999,0,0,0,0,0,395,0,0,0,0,0,0,0,0,0,0,0,0,138,1,0,0,0,0,0,3226,0,0,15,1418,0,0,0,379,0,418,256,0,0,2,0,0,0,0,0,0,0,0,0,0,0,21,0,0,0,0,0,19,0,4,86,0,0,0,1154,0,0,0,0,0,0,0,0,990,0,85,0,0,0,0,0,0,0,0,0,0,0,148,0,2,0,0,0,6437,0,1,10,5,0,0,0,7,0,0,0,0,112,0,0,11,0,4,0,4,0,87,0,0,0,2,0,0,0,17,0,0,0,0,1,0,0,486,128,0,24,0,17,207,84,0,29,40,0,0,0,0,0,0,0,0,0,0,0,0,0,0,0,0,0,20,1,0,0,0,0,0,0,0,0,0,0,135,0,0,0,0,0,0,43,0,0,0,0,0,0,0,6,0,0,0,0,0,3,0,57,1,0,0,0,0,0,0,0,0,0,0,0,0,0,0,0,4982,0,0,0,0,0,0,0,2,0,0,0,0,5,0,0,0,1,0,0,5,581,0,3,0,676,0,0,0,0,0,0,0,0,0,0,1,0,0,106,0,596,0,32,0,0,0,0,0,3,0,1,0,0,0,0,0,161,35,0,156,0,0,1621,0,52,0,0,0
"SRR9671469",1,0,2,0,89,0,119,0,254,32,18,85,54,0,1,0,0,8,1,30,0,4719,0,17,0,0,0,161,0,0,0,0,0,0,0,0,0,0,0,0,87,2,0,0,0,0,1,1636,0,7,52,543,0,0,0,222,4,1712,178,0,0,2,0,0,0,0,0,1,0,0,0,0,4,154,0,0,0,0,0,439,0,18,43,0,0,0,82,1,0,0,0,7,0,0,0,0,1,61,0,5,2,0,0,0,0,0,0,0,1,36,0,37,0,0,0,5676,0,5,20,27,0,0,0,21,0,0,0,0,116,76,0,3,0,1,0,0,0,0,0,0,0,13,0,0,0,12,0,8,0,0,0,0,0,1191,245,0,2,0,32,233,141,0,17,64,0,0,0,0,0,0,0,0,0,0,0,0,0,0,0,0,0,7,0,0,0,0,0,0,0,0,0,0,0,52,0,0,0,3,0,0,36,0,0,0,8,0,0,0,31,2,0,0,0,0,1,1,18,0,0,0,129,0,0,0,0,0,0,0,0,984,1,0,0,0,0,0,0,0,0,0,0,1,0,0,0,0,0,0,1,0,0,0,0,27,1076,0,0,0,276,0,0,0,0,0,0,0,0,0,0,0,0,0,31,0,388,0,0,0,0,0,0,0,1,0,0,0,112,18,0,0,290,25,0,14,0,0,626,0,1,0,0,0
"SRR9671470",751,0,0,0,2829,3,2,0,1,0,0,865,21,7,0,0,0,138,56,0,0,10,0,0,0,0,0,1,0,0,0,0,0,0,0,0,0,0,0,11,224,0,0,0,0,0,0,6780,0,5,37,2478,0,0,6,1483,0,357,0,0,0,0,0,3,0,0,2,0,0,0,0,0,0,0,0,3,0,0,269,380,0,0,3,0,19,0,2,4,0,0,0,0,0,0,0,3,0,4,0,133,0,0,0,0,16,9,0,0,220,2,0,2707,0,0,0,18,0,0,0,0,0,0,0,484,0,0,0,0,4,988,0,0,0,61,0,0,7,0,0,0,2,5,0,5,2965,59,869,0,0,37,247,0,0,6980,0,0,0,0,9,0,0,0,0,0,0,0,0,0,0,0,0,0,4,0,3,0,0,0,0,0,0,0,11,601,0,0,0,3,0,0,0,0,6,0,0,0,0,0,4,0,0,0,0,0,0,0,0,7,11,0,0,0,0,0,0,0,55,10,0,0,0,0,0,0,0,0,0,1,5,1,0,0,0,1,0,0,0,0,0,5,0,35,4,0,0,0,0,0,0,0,8,0,0,1295,95,2,1,0,2,0,0,0,0,0,0,0,0,0,0,5,0,14,186,0,0,0,0,0,59,0,0,45,216,0,35,3,127,0,0,0,5,0,0,0,0,0,1701,0,60,0,0,13
"SRR9671471",1,7,194,4,1471,0,0,338,11,33,154,1,221,0,0,0,0,9,22,271,0,285,0,13,0,0,0,244,0,0,0,0,0,0,5,3,0,0,0,0,706,0,0,0,0,0,0,236,73,61,7,3010,0,0,0,166,33,19,196,0,0,2,0,0,0,0,3,0,0,0,0,0,0,809,0,0,0,0,0,196,0,16,341,0,0,3,289,10,0,0,0,2,0,0,34,1,0,176,2,1,2,0,0,0,0,0,0,0,0,90,0,106,0,0,3,3576,0,0,26,6,0,0,0,0,0,0,0,0,377,2,0,20,0,7,0,2,2,10,0,0,1,13,0,0,0,51,94,4,0,0,5,0,0,7,13,0,52,0,27,346,0,0,0,8,0,4,0,0,0,0,0,0,0,0,2,0,1,0,0,0,0,95,1,1584,0,0,0,0,0,0,0,0,0,130,0,0,0,62,0,0,149,0,0,0,5,0,0,0,24,0,2,32,0,0,13,1,37,0,0,0,0,0,0,0,0,0,0,0,0,319,0,0,0,37,0,2,0,0,0,0,0,3,0,0,3,0,0,0,6,0,0,0,0,222,224,0,18,0,292,3,0,0,0,0,0,0,5,0,0,0,0,0,6245,0,1628,0,1,0,41,1,0,0,3,0,0,0,0,6,0,0,350,6,0,193,0,10,4413,0,5,0,0,1
"SRR9671472",45,0,47,1,108,1,0,0,6,0,0,320,9,0,4,0,8,14,4,13,0,63,0,0,0,0,0,192,0,0,0,0,0,0,0,0,0,0,0,0,138,11,0,0,0,0,0,7085,68,2,0,1388,0,0,0,172,101,0,0,0,0,14,0,0,0,0,0,0,0,0,0,0,0,1,0,0,0,0,0,7,0,0,56,0,0,0,69,0,0,0,0,0,0,0,2,2774,0,17,0,33,183,0,0,0,0,0,0,0,93,1053,0,396,3,0,0,6529,0,0,15,37,0,0,0,149,0,0,0,0,2,0,0,0,0,0,0,0,0,5,0,0,0,46,0,0,204,42,20,1,0,0,3,0,0,4395,0,8,7,0,0,0,0,0,11,0,0,0,0,0,1,0,0,0,0,0,0,0,0,0,0,0,0,1,0,0,8,0,0,1,0,0,0,0,0,0,0,0,0,0,0,0,0,0,0,0,33,0,0,0,38,0,4,0,0,0,3,3,156,0,0,76,142,0,0,0,0,0,0,0,0,756,3,0,2,632,0,0,0,0,0,0,0,4,0,0,0,0,0,0,15,0,0,0,0,98,1,0,0,0,0,0,0,0,0,0,0,0,0,0,0,0,0,0,11,0,1,0,0,0,0,0,0,0,2,0,0,0,0,569,0,0,40,0,0,3,0,6,687,0,7,0,0,1
"SRR9671473",4,2,10,3,173,0,194,13,97,0,0,0,84,0,0,0,47,17,3,47,0,29,0,0,0,0,0,344,0,0,0,0,0,0,0,0,0,0,0,0,108,0,0,0,0,0,3,2027,132,1276,2,1540,0,0,0,86,0,0,0,0,0,2,0,0,0,0,0,0,0,0,0,0,4,43,0,0,0,0,0,88,0,0,256,0,0,0,192,0,0,0,0,0,0,0,22,701,0,152,0,0,0,0,0,0,0,1,0,0,1,175,0,66,0,0,0,8457,0,0,3,5,0,0,0,6,0,11,0,0,392,0,0,7,0,3,0,3,0,3,0,0,1152,6,0,0,0,21,0,8,0,0,2,0,0,266,6,0,44,0,90,68,0,0,8,27,0,0,0,88,0,0,0,0,0,0,27,0,0,0,0,0,0,15,0,4051,367,0,0,0,0,0,0,0,0,117,0,0,0,0,0,0,43,0,0,0,44,0,0,0,46,0,0,0,0,0,0,6,21,0,0,0,102,0,0,0,0,0,0,0,2,2,0,0,0,3019,0,0,0,0,0,0,0,4,0,0,0,0,0,0,0,0,0,0,0,527,169,0,0,0,188,0,0,0,0,0,0,0,0,0,0,0,0,0,38,0,1681,0,17,0,0,1,0,0,4,0,0,0,38,9,0,0,264,27,0,35,0,16,1593,0,2,0,0,19
"SRR9671474",13,77,34,4,694,1,12,0,61,0,0,26,228,0,0,0,0,7,27,166,0,71,0,7,0,3,1,145,0,1,0,0,0,0,0,7,0,0,0,0,94,0,0,0,0,1,0,2309,0,38,0,1565,0,0,0,82,25,232,8,0,0,0,2,0,0,0,0,0,0,0,0,0,1,122,0,0,0,11,0,1084,0,124,227,0,0,0,133,0,0,0,0,4,0,0,0,1,0,271,6,6,8,0,8,0,0,152,0,0,5,479,0,16730,0,0,0,1803,0,1,28,19,0,0,0,38,0,0,0,0,177,1,0,2,0,10,0,0,2,0,0,0,0,16,0,3,5,6,303,3,0,0,309,0,0,107,0,0,51,0,8,60,8,0,1,43,0,0,1,260,1,0,0,0,0,0,0,0,41,1,0,2,0,41,0,4,1,0,0,0,0,0,0,0,0,3,0,5,0,23,0,0,49,0,0,0,2,0,0,0,14,1,0,0,0,0,1,0,84,0,0,0,3,0,0,0,1,0,45,0,0,136,0,0,3,0,0,94,0,0,0,0,4,0,0,0,0,1,0,0,1,0,3,0,0,54,1080,0,26,0,46,0,0,0,0,0,0,0,0,0,3,5,0,0,3175,0,287,0,0,0,0,0,0,0,1,0,0,4,0,23,0,0,150,9,0,170,0,0,863,0,56,0,0,601
"SRR9671475",1,0,264,0,84,0,25,10,50,21,32,0,22,0,0,0,0,4,0,3,0,60,0,1,0,0,0,157,0,0,0,0,0,0,0,0,0,0,0,0,39,0,0,0,0,3,0,799,0,62,0,1009,0,0,0,170,9,2332,147,0,0,0,0,0,0,0,0,0,0,0,0,0,0,12,0,0,0,0,0,17,0,0,1,0,0,0,484,0,0,0,0,0,0,0,0,31,0,254,0,0,0,0,0,0,912,181,0,0,0,22,0,1,0,0,0,2312,0,0,1,0,0,0,0,0,0,0,0,0,28,3,0,2,0,3,0,0,0,270,0,0,172,4,0,0,0,12,31,0,0,0,69,0,0,380,101,0,10,0,121,871,5,0,3,26,0,0,0,0,0,0,0,0,0,0,1,0,986,0,0,0,0,42,0,0,8,0,0,0,0,0,0,0,0,171,0,0,0,6,0,0,36,0,0,0,2,0,0,0,0,0,0,0,0,0,0,0,2,1,0,5,15,0,0,0,0,0,0,0,0,240,0,0,0,86,0,0,0,0,0,0,0,7,0,0,0,0,0,6,0,0,0,0,0,60,1310,0,8,0,179,0,0,0,0,0,0,0,0,0,0,0,0,3,6141,0,644,0,0,0,26,0,0,0,0,0,0,0,0,0,0,0,71,1,0,573,0,0,3997,0,434,0,0,3
"SRR9671476",22,0,0,6,680,42,1343,218,124,23,48,71,380,0,0,0,0,7,3,2,0,807,0,0,0,0,0,38,0,159,0,0,0,0,0,0,0,0,0,0,684,0,0,0,0,0,0,10600,0,198,207,950,0,0,0,303,0,0,55,0,0,0,0,0,0,0,2,0,0,0,0,0,0,60,0,0,0,0,0,1,0,0,0,0,18,0,231,0,0,0,0,4,0,0,0,1236,0,69,7,34,2,0,0,0,0,7,0,0,37,358,0,449,0,0,0,1365,0,8,20,10,0,0,0,63,0,0,1,0,140,0,0,6,0,2,0,0,0,0,0,0,0,14,0,0,66,41,21,23,0,0,16,0,0,1195,56,0,3,0,60,153,0,0,214,275,0,0,2,2,0,0,0,0,0,0,2,0,0,0,0,0,0,0,0,0,0,0,0,0,0,0,0,0,0,150,0,0,0,0,0,0,1099,0,0,0,0,0,0,1,251,12,0,0,0,0,1,0,1734,1,0,0,74,0,0,0,0,0,0,0,0,0,2,0,0,0,0,0,0,0,0,0,0,0,0,0,0,0,0,0,0,0,2,0,0,10,1032,0,0,0,239,0,0,0,0,1,0,0,0,0,0,1,0,0,19,0,2,0,49,0,0,0,0,0,2,0,0,0,151,37,0,0,259,81,0,0,0,0,3614,0,3,0,0,0
"SRR9671477",37,1,32,0,260,0,0,8,2,0,120,2,350,0,1,0,0,16,3,5,0,11149,0,1777,0,0,0,283,0,38,0,0,0,0,1,0,0,0,0,0,181,2,0,0,0,2,0,1073,1,733,56,1229,0,0,0,115,33,1,0,0,0,3,0,0,0,0,0,0,0,0,0,0,0,25,0,0,0,3,0,18,0,0,177,0,3,2,152,0,0,0,0,0,0,0,9,0,0,387,0,29,13,0,0,0,0,132,0,0,169,34,0,174,6,0,0,3665,0,0,60,15,0,0,0,24,0,0,0,0,150,0,0,15,0,1,0,2,0,0,0,0,1147,5,0,0,2,139,36,0,0,0,1,0,0,218,27,0,8,0,23,191,0,0,7,106,0,0,5,0,0,0,0,0,0,0,18,0,12,0,0,0,0,10,0,0,0,0,0,1,0,0,0,0,0,217,0,0,0,0,0,0,9,0,0,0,30,0,2,0,39,0,0,0,0,0,4,0,164,0,0,397,0,1,0,0,0,0,0,0,0,572,0,0,6,672,0,0,0,0,0,0,0,4,0,0,0,116,0,0,1,0,0,0,0,196,629,0,2,0,3,0,0,0,0,0,33,0,0,0,0,1,0,1,43,0,494,0,1,0,0,1,0,0,1,0,0,0,0,16,0,0,156,10,0,21,0,7,2806,0,2,0,0,0
"SRR9671478",6,0,0,9,381,53,1768,207,68,25,49,0,411,0,0,0,0,11,0,6,0,539,0,0,0,0,0,25,0,149,0,0,0,0,0,0,0,0,0,0,446,0,0,0,0,0,0,11401,0,168,125,655,0,0,0,292,0,0,35,0,0,2,0,0,0,0,3,0,0,0,0,0,0,43,0,0,0,0,0,0,0,0,0,0,7,0,226,0,0,0,0,2,0,0,0,1286,0,54,6,9,6,0,0,0,0,3,0,0,16,299,0,120,0,0,0,1360,0,0,5,27,0,0,0,77,0,0,0,0,83,0,0,5,0,0,0,0,0,0,0,0,0,9,0,1,56,32,5,29,0,0,0,0,0,1212,60,0,4,0,60,183,0,0,246,309,0,0,0,0,0,0,0,0,0,0,1,0,0,0,0,0,0,0,0,0,0,0,0,1,0,0,0,0,0,185,0,0,0,0,0,0,1186,0,0,0,0,0,0,0,163,10,0,0,0,0,0,0,1559,0,0,0,47,0,0,0,0,0,0,0,0,0,0,0,0,0,0,0,0,0,0,0,0,1,0,0,0,0,0,0,0,0,2,0,0,8,629,0,0,0,203,0,0,0,0,0,0,0,0,0,0,0,0,0,17,0,0,0,43,0,0,0,0,0,2,0,0,0,117,39,0,0,170,52,0,0,0,0,2737,0,5,0,0,0
"SRR9671479",0,0,0,0,96,4,0,0,2,0,0,1194,1,2,0,0,0,126,20,0,0,13,0,0,0,0,0,0,0,0,0,0,1,0,0,0,0,0,0,0,130,0,0,0,0,37,0,150,0,238,2,729,0,0,0,226,0,1,0,0,9,0,0,0,0,0,0,0,0,0,0,0,0,0,0,0,0,0,0,79,0,3,19,0,0,0,11,0,0,0,0,0,0,0,0,2,0,87,0,4,1,0,0,0,5,0,0,0,230,2,2,1029,0,0,0,291,0,0,0,0,0,0,0,1,0,0,0,0,31,18,0,0,0,59,0,0,10,18,0,0,0,0,0,0,1,32,9,0,0,0,12577,0,0,238,31,0,0,0,2,3,0,0,2,0,0,0,45,0,0,0,0,0,0,0,3,0,7,0,0,0,0,0,4,3,259,0,0,2,0,0,0,2,0,1,0,0,0,0,0,0,1,0,0,0,0,0,0,0,0,0,0,0,0,0,0,0,10,7,0,0,3,6,0,0,0,0,0,0,3,5,0,0,0,161,0,0,0,1,0,0,0,16,0,0,0,0,0,0,0,0,5,0,0,5790,77,0,3,0,4,0,1,0,0,0,0,0,0,0,0,19,0,0,2877,0,0,0,0,0,0,1,0,0,78,0,3,0,0,0,0,0,1,0,0,0,0,0,1330,0,16,0,0,24
"SRR9671480",0,1,0,0,328,0,122,770,32,43,8,58,14,0,0,0,0,2,0,66,0,3021,0,60,0,0,0,378,0,5,0,0,0,0,0,0,0,0,0,0,135,0,0,0,0,0,0,5513,0,191,7,365,0,0,0,64,15,0,3,0,0,1,0,0,0,0,0,2,0,0,0,0,0,8,0,0,0,3,0,40,0,0,1,0,0,0,158,0,0,0,0,2,0,0,70,0,0,104,0,0,4,0,0,0,0,0,0,0,1,119,0,31,0,0,0,8174,0,5,9,25,0,0,0,5,0,0,0,0,100,0,0,6,0,0,0,0,0,0,0,0,0,0,0,0,0,16,42,7,0,0,1,0,0,524,13,0,10,0,42,39,64,0,24,2,0,0,0,0,0,0,0,0,0,0,2,0,0,0,0,0,0,5,0,0,67,0,0,0,0,0,0,0,0,103,0,0,0,0,0,0,31,0,0,0,22,0,0,0,9,0,0,0,0,0,0,0,125,0,0,0,36,0,0,0,0,0,10,0,0,512,3,0,0,0,0,0,0,0,0,0,0,1,0,0,0,0,0,0,0,0,1,0,0,81,1265,0,0,0,158,0,0,0,0,0,0,0,0,0,0,0,0,0,19,0,567,0,0,0,0,0,0,0,0,0,0,0,73,5,0,0,121,3,0,26,0,4,1281,0,13,0,0,0
"SRR9671481",6,0,0,0,1222,0,0,0,28,0,522,1858,1630,0,0,0,0,53,0,1,0,4,0,0,0,0,0,9,0,0,0,0,0,0,0,0,0,0,0,0,2230,0,0,0,0,0,0,4141,1,2,0,1577,0,0,0,10,6,0,0,0,0,0,0,0,0,0,0,0,0,0,0,0,0,0,0,0,0,0,0,0,0,4,688,0,0,0,150,0,0,0,0,0,0,0,0,0,0,287,0,20,0,0,0,0,0,0,0,0,8,340,0,4691,0,0,0,924,0,0,0,0,0,0,0,9,0,5,0,0,228,4,0,0,0,2,0,0,3,2,0,0,0,6,0,7,0,63,0,3,0,0,0,0,0,2591,0,0,0,0,462,2,0,0,212,36,0,0,0,0,0,0,0,0,0,0,0,0,0,0,0,0,0,24,0,2,0,0,0,0,0,0,0,0,0,148,0,0,0,0,0,0,1,0,0,0,0,0,0,0,5,0,0,0,0,0,0,0,40,1,0,0,0,0,0,0,0,0,0,1,0,6488,0,0,0,352,0,0,0,0,0,0,0,15,0,0,0,0,0,0,0,0,4,0,0,2,712,0,2,0,0,0,0,0,0,4,0,0,0,0,0,3,0,0,10,0,1,0,0,0,0,1,0,0,5,0,0,0,0,2,0,0,0,15,0,2,0,0,894,0,3,0,0,0
"SRR9671482",41,0,0,0,4,2,2,2,0,0,0,2624,32,3,0,0,0,14,14,0,0,30,0,0,0,0,0,3,0,0,0,0,1,0,0,0,0,0,0,0,70,0,0,0,0,0,0,938,1,643,48,112,0,0,0,2,0,2,0,0,0,0,0,0,0,0,0,0,0,0,0,0,0,3,0,0,15,0,60,124,0,0,0,0,0,0,0,0,0,0,0,0,0,0,1,0,0,1,0,6,0,0,1,0,958,175,0,0,18,3,0,3642,0,0,0,43,0,0,0,0,0,0,0,79,0,0,0,0,6,2,0,0,0,6,0,0,0,0,0,0,0,0,0,12,255,11,624,0,0,0,404,0,0,4786,0,0,0,0,1,1,0,0,0,0,0,0,71,13,0,8,0,0,0,0,4179,0,8,0,0,0,0,1,0,0,100,0,0,1,0,0,0,0,0,0,7,0,0,0,0,0,0,0,0,0,0,0,0,0,0,0,0,0,0,0,0,0,0,1,0,0,0,0,0,0,0,0,0,0,1,1,0,0,1,0,0,0,0,2,0,0,0,4,0,0,0,0,0,3,0,0,2,0,0,1081,7,0,3,0,0,0,0,0,0,8,0,0,0,0,0,11,0,0,355,0,1,0,0,0,25,0,0,0,1,0,8,0,0,1,0,0,0,0,0,0,0,0,5149,0,850,0,17,53
"SRR9671483",3,0,0,0,3726,2,0,0,4,0,1,549,93,3,0,0,0,98,6,0,0,0,0,0,0,0,0,0,0,0,0,0,0,0,0,0,0,0,0,0,688,0,0,0,0,0,0,25,0,2386,0,1713,0,0,0,1,0,0,0,0,6,0,0,0,0,0,0,0,0,0,0,0,0,0,0,0,0,0,0,1108,0,0,1901,0,2,0,780,0,0,0,0,0,0,0,0,0,0,75,0,14,0,0,0,0,570,11,0,0,302,0,0,246,0,0,0,52,0,0,0,0,0,0,0,1,0,0,0,0,207,0,0,0,0,19,0,0,16,107,0,0,1,0,0,0,2,11,17,0,0,2,33,0,0,59,28,0,0,0,17,0,0,0,0,0,0,0,3,0,0,0,0,0,0,0,40,0,0,0,0,0,0,0,8,0,3,0,0,1,0,0,0,0,0,53,0,0,0,0,0,0,0,0,0,0,0,0,0,0,0,0,0,0,0,0,0,0,4,0,0,0,1,0,0,0,0,0,0,0,3,1,0,0,0,3,0,0,0,0,0,0,0,15,0,0,0,0,0,0,0,0,3,0,0,9770,0,0,13,0,1,0,0,0,0,13,0,0,0,0,0,2,0,0,178,0,0,0,2,0,3,4,0,0,91,0,44,0,0,0,0,0,1,0,0,0,0,0,540,0,28,0,4,0
"SRR9671484",0,0,0,0,31,0,0,0,2,0,2,24,8,5,0,0,0,500,4,8,0,6,0,0,0,0,0,0,2,7,0,0,0,0,0,0,0,0,0,0,72,0,0,0,0,0,0,22,1,93,0,173,0,0,0,27,1,4,1,0,0,0,0,0,0,0,0,0,0,0,0,0,0,0,0,0,0,0,0,1,0,0,11,0,0,0,3,0,0,0,0,0,0,0,7,11,0,2,0,8,1,0,0,0,154,26121,0,0,4,3,0,21,0,0,0,99,0,0,0,0,0,0,0,0,0,0,0,0,3,6,0,0,0,0,0,0,0,0,0,0,4,0,0,0,0,2,6,0,0,0,3,0,0,18,1,0,0,0,3,2,0,0,0,0,0,56,0,1,0,0,0,0,0,2,414,0,18,0,0,0,0,0,30,44,0,0,11,7,0,0,0,0,0,68,0,0,0,0,0,0,0,0,0,0,0,0,0,0,0,0,0,0,0,0,0,0,0,12,0,0,0,2,0,12,0,0,0,0,2,4,0,0,0,0,0,0,0,0,0,0,0,80,0,0,0,0,0,1,4,0,22,0,0,10,11,0,2,0,86,0,0,0,0,17,0,0,0,0,0,0,0,0,76,0,83,0,0,0,0,6,0,0,1,0,0,0,0,1,0,0,4,0,9,0,0,0,484,0,9,0,0,313
"SRR9671485",23,4,10,9,219,65,1,1,131,25,34,108,465,0,0,0,0,40,29,0,0,431,0,71,0,0,0,136,0,0,0,0,0,0,4,0,0,0,0,0,276,21,0,0,0,3,0,267,0,1,0,2275,0,0,0,255,9,0,8,0,0,20,0,0,0,0,3,0,0,0,0,0,0,235,0,0,0,0,0,0,0,32,0,0,0,0,237,1,0,0,0,0,0,0,0,0,0,178,5,69,28,0,0,0,4,0,0,0,151,0,0,8,0,0,0,3184,0,0,10,58,0,0,0,18,18,50,0,0,288,0,0,18,0,6,0,12,0,18,0,0,0,8,0,0,0,45,34,5,0,0,4,0,0,630,33,0,17,0,28,3838,31,0,0,122,0,0,19,0,1,0,0,0,0,0,0,0,22,0,0,0,0,6,0,694,0,0,0,1,0,0,0,0,1,231,0,0,0,151,0,0,65,0,0,0,0,0,0,6,89,10,0,0,0,0,17,0,33,2,0,0,0,0,0,0,0,0,220,0,0,47,0,0,0,5,0,0,0,0,0,0,0,4,0,0,0,0,0,0,0,0,1,0,0,0,523,0,25,1,988,0,0,0,0,40,0,0,0,0,0,2,0,0,3460,0,4545,0,0,0,0,0,0,0,55,0,0,0,17,123,0,0,118,12,0,407,0,43,1743,0,224,0,0,15
"SRR9671486",5,0,12,0,294,0,0,0,228,0,0,34,11,0,0,0,0,19,0,0,0,42,0,201,0,0,0,0,0,54,0,0,0,0,0,0,83,0,0,0,202,1,0,0,0,0,0,511,0,4,0,865,0,0,0,469,0,61,0,0,0,0,0,0,0,0,0,0,0,0,0,0,0,0,0,0,0,0,0,8,0,5,0,0,0,0,1,0,0,0,0,0,0,0,0,2651,0,0,0,31,12,0,0,0,0,66,0,0,10,0,0,23163,0,0,0,641,0,0,10,0,0,0,0,7,0,0,0,0,579,0,0,1,0,4,0,2,0,0,0,0,0,0,0,0,0,223,21,0,0,0,528,0,0,280,28,0,19,0,4,40,0,0,0,0,0,0,0,0,0,0,0,0,0,0,7,0,13,0,0,0,0,0,0,0,65,0,0,0,0,0,0,0,0,248,0,0,0,0,0,0,244,0,0,0,0,0,0,0,17,0,0,0,0,0,0,0,0,0,0,0,0,0,0,0,0,0,0,0,0,0,0,0,0,1,0,0,0,0,0,0,0,4,0,0,0,0,0,0,0,0,0,0,0,37,968,0,0,0,1590,0,0,0,0,109,0,0,0,0,0,0,0,0,129,0,1,0,0,0,1,1,0,0,3,0,0,0,0,29,0,0,24,1,0,0,0,0,784,0,91,0,0,0
"SRR9671487",87,0,0,0,0,0,0,0,0,0,0,0,0,0,0,0,0,66,0,0,0,0,0,1,0,0,0,0,0,0,0,0,0,0,0,0,0,0,0,0,1,0,0,0,0,0,0,1825,0,1,0,3,0,0,0,0,0,0,0,0,0,0,0,0,0,0,0,0,0,0,0,0,0,0,0,0,0,0,0,0,0,0,2,0,0,0,0,0,0,0,0,0,0,0,0,0,0,1,0,0,0,0,0,0,0,5408,0,0,1093,0,0,0,0,0,0,2,0,0,0,0,0,0,0,0,0,0,3,0,0,0,0,0,0,0,0,0,0,0,0,0,2,0,0,0,0,0,0,0,0,0,0,0,0,0,0,0,0,0,0,0,0,0,0,0,1,1,0,0,0,2,0,0,0,0,5677,0,20,0,0,0,0,0,0,0,0,0,0,1,0,0,0,0,0,0,0,0,0,0,0,0,0,0,0,0,0,0,0,0,0,0,0,0,0,0,0,0,14,0,0,0,0,0,0,191,0,0,0,0,0,1,0,0,0,0,0,0,0,0,0,0,0,10,0,0,0,0,0,0,0,0,0,0,0,0,0,0,104,0,3,0,0,0,0,52,0,0,0,0,0,0,0,0,97,0,0,0,0,0,0,0,0,0,0,0,0,0,0,0,0,0,0,0,0,0,0,0,9749,0,0,0,0,0
"SRR9671488",2,0,21,25,5,0,3,2,4,0,1,4286,618,0,0,0,0,105,6,2,0,4,6,0,0,0,0,367,0,0,0,5,0,0,0,3,0,0,0,0,121,5,0,0,0,38,0,3618,0,609,0,3570,0,0,0,15,3,177,10,0,0,13,0,0,0,0,0,0,0,0,0,0,0,3,0,0,0,0,4,9,0,7,5,0,0,0,33,64,0,0,0,0,0,0,0,427,0,20,0,533,60,0,398,0,249,3223,0,0,61,0,0,9190,0,0,0,286,0,37,3,0,0,8,0,38,0,0,0,0,0,15,0,32,0,0,0,8,0,22,0,0,9,0,0,6,9,167,2,0,0,0,85,0,0,325,8,0,1,0,10,50,0,0,0,0,0,0,0,0,0,0,0,0,3,20,3,0,161,0,0,0,0,0,4,0,4,0,0,2,0,0,0,0,0,231,0,0,0,0,0,0,5,0,0,0,0,0,0,0,0,0,0,0,0,0,0,0,0,4,0,0,0,1,0,0,0,0,0,0,1,363,1,0,0,19,0,0,0,0,0,0,0,22,0,0,0,0,0,0,0,0,27,0,0,27,90,0,1,0,10,0,0,3,0,391,0,0,0,0,0,9,0,0,747,0,125,0,0,0,6,0,0,0,5,3,11,152,0,32,0,0,6,0,0,42,0,0,4581,0,361,0,0,0
"SRR9671489",254,18,0,20,212,0,0,0,0,0,0,7,2395,0,4,0,0,19,2,4,0,0,0,50,0,0,0,672,0,0,0,0,0,1,0,49,0,0,0,0,17,7,5,0,0,0,0,749,215,3522,54,23,0,0,0,36,119,36,0,0,0,3,0,0,0,0,9,0,0,0,0,0,19,686,0,0,0,2036,20,225,0,15,938,0,224,0,2,62,0,0,0,2,0,0,200,0,49,12,0,357,3701,0,0,0,0,480,0,14,21,0,0,477,42,0,0,6,0,0,477,0,0,0,0,15,0,64,0,9,0,0,0,0,28,0,0,6,0,0,0,0,0,10,0,0,803,135,560,104,0,0,54,0,0,575,0,0,0,0,0,0,0,0,0,10,0,0,0,4,2,0,0,0,0,0,3,0,2,0,0,0,0,0,2,0,0,0,84,1,0,0,0,0,0,2,0,0,0,0,0,0,617,0,0,0,21,0,6,0,7,0,0,0,0,0,10,0,345,0,0,0,0,0,0,0,0,0,0,0,0,938,0,0,0,2,0,0,0,0,0,0,0,8,0,0,0,0,0,0,105,0,10,0,0,200,1,0,0,12,4,0,0,0,0,51,0,0,0,0,0,0,0,0,25,0,54,0,0,0,0,0,1998,0,0,0,37,9,96,115,0,12,162,0,0,712,0,4,1983,0,0,0,0,0
"SRR9671490",20,0,16,1,1054,0,0,0,25,5,0,155,252,0,0,0,11,4,8,0,0,8,0,4,0,0,0,4,0,6,0,0,1,0,0,0,2,0,0,0,470,1,0,0,0,1,7,71,0,0,20,2077,0,0,0,9,0,0,0,0,0,0,0,0,0,0,0,0,0,0,0,0,0,1,0,0,0,0,0,42,0,2,234,0,0,0,637,5,0,0,0,0,0,0,14,0,0,90,0,5,0,0,0,0,31,19,0,0,0,50,0,2067,0,0,0,627,0,0,3,0,0,0,0,20,0,32,0,0,151,4,0,0,0,4,0,0,0,6,0,0,0,4,0,5,1,15,72,6,0,0,3284,0,0,251,5,0,9,0,63,54,0,0,3,0,0,0,62,6,0,0,0,0,0,0,5040,0,686,0,0,0,0,0,0,0,3,0,0,0,0,0,0,0,0,138,0,0,0,0,0,0,26,0,0,0,0,0,0,0,6,0,0,0,0,0,0,0,3,0,0,0,2,0,0,0,0,0,0,0,0,694,0,0,0,0,0,0,0,0,0,0,0,3,0,0,0,0,0,4,0,0,0,0,0,25,693,0,30,0,93,0,0,0,0,0,0,0,0,3,0,0,0,0,3293,0,414,0,0,0,4,1,0,0,2,0,4,7,0,21,0,0,0,1,0,12,0,0,1456,0,147,0,0,14
"SRR9671491",0,5,12,3,553,2,240,36,125,8,37,0,226,1,0,0,0,5,1,102,0,9,0,11,0,0,0,263,0,0,0,0,0,1,0,0,0,0,0,0,91,3,0,0,0,2,5,3366,0,371,2,1562,0,4,0,15,25,1144,108,0,0,1,0,0,0,12,1,0,0,0,0,0,6,169,0,0,18,0,0,25,0,100,0,0,10,0,157,1,0,0,0,23,0,0,31,5,0,230,7,2,3,0,0,0,40,6301,0,0,0,128,0,1056,6,0,0,1477,5,0,18,0,0,4,0,24,0,81,0,0,563,0,0,8,1,3,0,0,0,0,0,0,0,2,52,3,8,8,42,15,0,0,135,0,0,14,5,0,0,0,15,55,18,8,0,0,0,0,106,690,0,0,0,0,0,0,0,0,0,0,0,0,0,8,0,0,0,0,0,0,0,0,0,0,0,94,34,0,0,0,0,0,108,0,0,0,0,0,0,0,4,0,0,0,0,0,3,2,221,0,0,0,0,0,0,0,0,0,0,0,0,6,0,0,1,0,0,0,0,0,0,0,0,2,0,0,6,0,0,23,3,0,0,0,0,101,433,0,91,0,55,0,0,0,0,14,0,0,0,0,0,0,0,0,748,0,1766,0,1,0,0,0,0,0,0,0,12,0,0,65,0,0,528,7,0,53,0,0,3721,26,7,0,0,480
"SRR9671492",87,0,0,0,8,7,0,0,5,0,0,0,0,0,0,0,0,43,27,0,0,20,0,5,0,6,2,2,0,0,0,0,0,0,0,0,0,0,0,0,451,0,0,3,0,12,2,973,0,2245,0,4095,0,0,0,3,0,23,0,0,0,0,0,0,0,0,0,0,0,0,0,0,0,0,0,0,296,0,1,164,0,0,0,0,0,0,18,0,0,0,0,0,0,0,0,0,0,5,0,0,3,0,0,0,4238,55,0,0,371,3,0,2114,0,0,0,572,0,0,0,0,0,0,0,2,0,0,0,0,10,0,0,0,0,13,0,1,8,0,0,0,2,0,0,0,1,4,273,0,0,0,425,0,0,92,0,0,2,0,0,1,0,0,0,1,0,0,0,1,0,0,0,0,0,0,0,0,1,4,0,6,0,0,1,0,10,0,0,0,0,0,0,1,2,0,0,6,0,0,0,0,0,0,0,0,0,1,0,0,0,0,0,0,0,0,0,0,226,1,0,0,640,0,0,0,4,0,0,0,3,1,0,0,347,0,0,0,0,0,0,0,4,10,0,0,0,0,0,0,0,0,5,0,0,0,2,0,12,0,2,0,0,0,0,1,0,0,0,0,2,15,0,0,715,0,5455,3,0,0,2,0,0,0,54,0,3,0,0,1,0,0,1,0,0,0,0,0,209,0,509,6,0,0
"SRR9671493",377,0,0,0,53,2,0,28,0,0,129,0,9,1,0,0,0,26,6,0,0,1,0,0,0,0,0,1,0,0,0,0,0,0,0,0,0,0,0,0,1,0,0,0,0,0,0,208,0,95,1,853,0,0,0,0,0,0,0,0,0,1,0,0,0,0,0,0,848,0,0,0,2,513,0,0,0,0,0,10,0,0,0,0,0,0,5,0,0,0,0,0,0,0,1,0,0,0,0,0,0,0,0,0,0,641,0,0,201,0,0,14023,0,0,0,16452,9,5,1,0,0,0,0,19,0,0,0,0,36,0,0,0,0,0,0,0,2,0,0,0,0,0,0,0,220,18,62,0,0,0,0,0,0,296,0,0,7,0,0,6,0,0,0,0,0,0,0,0,0,0,0,0,0,0,0,0,0,0,0,0,0,0,0,814,0,0,0,1,0,0,0,0,0,0,0,0,0,3,0,0,2,0,0,0,0,0,0,0,4,0,0,0,0,0,1,0,0,1,0,0,12,0,0,0,0,0,0,0,0,3,0,0,16,0,0,0,0,0,0,0,0,16,0,0,0,0,0,0,1,0,4,0,0,2,0,0,2,0,8,0,0,0,0,0,0,0,0,3,0,0,0,0,20,0,561,0,5,0,0,0,0,0,0,0,0,0,0,0,0,17,0,0,0,1,0,8,121,0,1,0,0,2
"SRR9671494",4,3,0,0,219,0,0,0,31,2,0,3,148,0,0,0,0,2,0,26,0,0,0,6,0,0,0,59,0,15,0,0,0,0,0,0,0,0,0,0,211,0,0,0,0,0,0,3322,9,598,32,1187,0,0,0,172,7,0,0,0,0,0,0,0,0,0,2,0,0,0,0,0,2,19,0,0,0,0,0,0,0,25,131,0,0,0,384,0,0,0,0,0,0,0,25,0,1,74,0,0,0,0,0,0,0,0,0,0,1,39,0,4,0,0,0,8876,0,0,11,20,0,0,0,8,0,0,0,0,456,2,0,5,0,0,0,0,0,1,0,0,0,6,0,5,0,6,0,6,0,0,0,0,0,1294,78,0,37,0,54,136,0,0,153,85,0,0,0,0,0,0,0,0,0,0,1,0,0,0,0,0,0,1,0,3588,0,0,0,0,0,0,0,0,0,412,0,0,0,0,0,0,96,0,0,0,6,0,0,0,5,0,0,0,0,0,0,0,10,0,0,0,10,0,0,0,0,0,0,0,0,32,0,0,0,0,0,0,0,0,0,0,0,1,0,0,0,0,0,0,0,0,0,0,0,3,489,0,0,0,0,0,0,0,0,0,0,0,0,0,0,3,0,0,41,0,3921,0,2,0,0,0,0,0,5,0,1,0,412,7,0,0,257,0,0,10,0,0,1616,0,1,0,0,0
"SRR9671495",6,1,22,6,696,2,1007,0,607,0,15,27,319,0,0,0,3,20,4,9,0,169,0,3,0,0,0,937,0,0,0,0,0,0,2,0,0,0,0,0,32,6,0,0,0,0,0,1792,0,9,4,1008,0,0,0,160,35,0,12,0,2,0,0,0,0,0,0,6,0,0,0,0,3,747,0,0,0,0,0,4,0,2,91,0,21,688,164,0,0,0,0,6,0,0,50,2,0,223,0,1,5,0,0,0,0,0,0,0,0,290,0,49,0,0,0,2177,0,0,8,19,0,0,0,10,0,0,0,0,114,0,0,7,0,0,0,1,0,0,0,0,1402,9,38,5,72,56,9,2,0,0,9,0,0,37,0,0,36,0,8,231,52,0,3,75,0,0,0,0,0,0,0,0,0,0,4,0,3,0,0,0,0,69,0,6,17,0,0,0,0,0,0,0,0,0,0,0,0,0,0,0,80,0,0,0,17,0,1,0,11,3,4,0,0,0,3,2,131,1,0,0,35,0,0,0,0,0,0,0,0,321,0,0,6,145,0,0,0,0,0,0,0,2,0,0,0,6,0,0,1,0,0,0,0,35,187,0,2,1,1,0,0,0,0,0,28,0,0,0,0,0,0,0,118,0,7536,0,0,0,0,0,0,0,4,0,0,0,0,115,0,0,1350,9,0,422,0,2,4353,0,0,0,0,4
"SRR9671496",55,0,0,14,1042,0,0,0,20,0,0,1496,1787,0,0,0,0,37,19,0,0,0,0,6,0,0,0,132,0,0,0,0,0,0,0,6,1,0,0,0,2486,0,0,0,0,1,0,4848,0,2423,0,7286,0,0,0,810,0,0,0,0,0,4,0,0,0,0,0,0,0,0,0,0,0,6,0,0,0,0,0,0,0,0,0,0,0,0,96,0,0,0,0,0,0,0,0,87,2,611,0,85,0,0,0,0,0,1,0,0,88,1823,0,679,0,0,0,698,0,0,3,0,0,0,0,280,0,0,0,0,0,1,0,0,0,1,0,4,0,0,0,0,0,6,0,3,56,245,19,0,0,0,0,0,0,356,0,0,0,0,0,0,0,0,5,51,0,0,0,0,7,0,0,0,0,0,0,0,0,0,0,0,0,0,0,0,68,0,0,2,0,0,0,0,0,496,0,0,0,0,0,0,0,0,0,0,0,0,0,0,2,0,0,0,0,0,0,0,19,1,21,0,0,0,0,0,0,0,0,0,0,0,4,0,0,339,0,0,0,0,0,0,0,12,0,0,0,0,0,0,0,0,1,0,0,2,150,0,2,0,4,0,0,0,0,0,0,0,0,0,0,4,0,0,146,0,0,0,1,0,0,0,0,0,6,0,0,0,0,59,0,0,0,8,0,12,0,0,137,0,234,0,0,0
"SRR9671497",0,0,20,0,0,0,0,0,0,0,0,4,1,0,0,0,0,0,0,0,0,60,0,0,0,0,0,56,0,0,0,0,0,0,0,0,0,0,0,0,0,2,0,0,0,0,0,711,221,0,53,3,0,0,0,3,83,0,1,0,0,0,0,0,0,0,0,0,0,0,0,0,0,4,0,0,0,0,0,0,0,20,13,0,0,0,0,0,0,0,2,0,0,0,0,0,0,2,0,0,2,0,0,0,44,0,0,0,0,2,0,12143,0,0,0,418,0,0,0,2,0,0,0,9,0,0,0,0,0,4,0,2,0,0,0,1,0,0,0,0,0,1,0,0,0,1,0,0,0,0,2113,0,0,29,28,0,1,0,1,68,0,0,2,94,0,0,0,0,0,0,0,0,0,0,0,0,0,0,0,0,0,0,0,0,0,0,0,0,0,0,0,0,0,26,0,0,0,0,0,0,0,0,0,0,3,0,0,0,5,0,0,0,0,0,2,0,97,0,0,536,1,0,0,0,0,0,0,0,0,356,0,0,0,8190,0,0,0,0,0,0,0,0,0,0,0,0,0,0,0,0,25,0,0,0,76,0,0,0,0,0,0,0,0,0,8,0,0,0,0,0,0,0,0,0,154,0,352,0,0,0,0,0,0,0,0,0,0,19,0,0,151,94,0,16,0,0,406,0,94,0,0,0
"SRR9671498",10,0,27,0,170,0,0,14,56,0,13,804,173,0,0,0,0,20,10,55,0,805,0,0,0,0,0,13,1,0,0,0,0,0,0,0,2,0,0,0,77,0,0,0,0,0,3,832,0,570,2,639,0,0,0,86,6,5830,26,0,0,2,0,0,0,0,3,0,0,0,0,0,0,0,0,0,0,0,0,181,0,110,321,0,0,0,179,0,0,0,0,0,0,0,0,0,0,144,0,6,0,0,0,0,0,1,0,0,5,172,0,33,0,0,0,1817,0,2,0,0,6,0,0,6,0,0,0,0,574,0,0,0,0,3,0,0,0,2,0,0,0,0,0,0,0,15,184,0,0,0,6134,0,0,141,61,0,29,0,17,250,57,7,4,26,0,0,2,0,0,2,0,0,0,0,22,0,3,0,0,0,0,2,0,4414,0,0,0,0,0,0,0,0,1,16,0,0,0,0,0,0,0,0,0,0,0,0,0,3,0,0,0,0,0,0,0,0,9,0,0,0,0,0,0,0,0,0,0,0,1,44,0,0,0,0,0,0,0,0,0,0,0,4,0,0,0,0,0,0,0,0,0,0,0,354,1328,0,0,0,277,0,0,1,0,3,0,0,0,0,0,2,0,0,180,0,1188,0,1,0,46,0,0,0,15,0,3,0,0,11,0,0,11,5,0,1,0,0,1337,0,184,0,0,0
"SRR9671499",0,4,12,1,87,0,11,0,2,3,14,0,63,0,0,0,0,21,13,37,0,917,0,96,0,0,0,324,0,2,0,0,0,4,0,0,0,0,0,0,44,0,0,0,0,0,0,240,0,3784,1,643,0,0,0,45,0,0,18,0,0,0,0,0,0,0,0,0,0,0,0,0,0,405,0,0,0,0,0,435,0,0,40,0,0,0,344,16,0,0,0,15,0,0,141,116,0,60,0,0,6,0,0,0,2,3,0,0,0,61,0,88,0,0,0,2046,0,0,8,6,6,1,0,3,0,0,0,0,225,0,0,15,0,0,0,0,0,0,0,0,0,1,0,0,0,3,196,0,0,0,10,0,0,96,8,0,18,0,11,94,4,0,6,0,0,0,0,10,0,0,0,0,0,1,0,0,14,0,0,0,0,6,3,0,0,0,0,1,0,0,0,0,0,10,0,0,0,0,0,0,77,0,0,0,0,0,0,0,47,0,0,0,0,0,0,0,38,0,0,0,5,0,0,0,0,1,0,10,0,7,0,0,0,3,0,0,0,0,0,0,0,3,0,0,0,0,0,0,0,0,0,0,0,743,423,0,2,0,4634,0,0,0,0,1,0,0,0,0,0,2,0,0,109,0,1728,0,0,0,96,0,0,0,0,0,3,0,23,7,0,0,377,10,0,376,0,1,2426,0,1,0,0,8
"SRR9671500",209,0,0,39,3690,17,70,0,18,0,0,86,34,0,4,0,0,39,15,39,0,0,0,4079,0,0,0,68,0,6,0,0,0,0,0,11,0,0,0,0,73,24,0,0,0,0,2,382,0,4087,5,2686,0,0,0,28,2,68,0,0,1,2,0,0,0,0,20,0,0,69,0,0,114,462,0,0,0,0,0,74,0,1,4348,0,13,45,0,19,0,0,0,0,0,0,7,0,0,593,48,710,435,0,0,0,0,2,0,0,660,1230,0,301,33,0,0,71,0,8,163,1,0,0,0,8,0,0,0,0,323,6,0,0,0,15,0,6,0,0,0,0,1,16,0,0,2,14,227,30,0,0,0,0,0,171,0,0,0,0,0,0,0,0,0,13,0,0,0,2,2,7,0,0,0,0,0,0,0,0,0,0,0,0,0,17,0,0,0,0,0,0,0,0,2,2,0,0,0,0,0,0,0,0,0,0,0,0,8,0,13,0,7,0,0,0,29,0,58,0,0,0,0,0,0,0,0,0,0,0,0,231,1,0,0,0,0,0,0,0,0,0,0,8,0,0,74,12,0,0,59,0,0,0,0,65,90,0,0,0,170,0,0,0,0,102,0,0,0,0,0,6,0,0,294,0,0,0,0,0,2,2,0,0,20,0,29,0,0,5116,0,0,0,0,0,60,0,0,505,0,0,0,0,5
"SRR9671501",0,0,18,2,285,0,192,0,190,3,24,0,305,0,0,0,0,3,0,50,0,1615,0,0,0,0,0,586,0,0,0,0,0,0,0,0,0,0,0,0,146,0,0,0,0,0,1,1851,119,68,4,1183,0,0,0,354,46,81,351,0,0,0,0,0,0,0,0,0,0,0,0,0,4,88,0,0,0,0,0,38,0,0,134,0,0,0,826,3,0,0,0,11,0,0,0,2,0,351,0,0,11,0,0,0,0,0,0,0,0,740,0,17,0,0,0,5071,0,0,4,15,0,0,0,5,0,0,0,0,499,0,0,1,0,1,0,0,0,0,0,0,577,2,0,0,4,21,7,9,0,0,0,0,0,179,44,0,62,0,1,189,0,0,14,10,0,0,0,0,0,0,0,0,0,0,0,0,0,0,0,0,0,21,0,1995,0,0,0,0,0,0,0,0,0,127,0,0,0,0,0,0,163,0,0,0,27,0,0,0,4,0,0,0,0,0,0,0,233,0,0,65,2,0,0,0,0,0,0,0,0,961,2,0,0,1151,0,0,0,0,0,0,0,2,0,0,0,0,0,0,0,0,0,0,0,75,858,0,0,0,40,0,0,0,0,0,15,0,0,2,0,0,0,0,58,0,746,0,0,0,0,0,0,0,2,0,3,0,0,8,0,0,964,26,0,103,0,0,1063,0,3,0,0,14
"SRR9671502",0,0,84,0,53,0,11,0,79,3,8,0,252,0,0,0,0,3,1,16,0,142,0,0,0,0,0,58,0,8,0,0,0,0,0,0,0,0,0,0,76,0,0,0,0,0,0,527,29,136,0,501,0,0,0,117,20,0,80,0,0,0,0,0,0,0,0,1,0,0,0,0,0,390,0,0,0,0,0,85,0,25,92,0,0,0,289,4,0,0,0,0,0,0,0,1710,0,506,0,0,0,0,0,0,0,0,0,0,0,84,0,344,0,0,0,5436,0,0,7,0,0,0,0,0,0,0,0,0,491,0,0,2,0,2,0,0,0,3,0,0,0,0,0,0,0,33,218,25,0,0,89,0,0,83,20,0,43,0,0,88,40,0,11,1,0,0,2,0,0,0,0,0,0,0,255,0,0,0,0,0,0,11,0,0,0,0,0,0,0,0,0,0,0,63,0,0,0,5,0,0,28,0,0,0,16,0,0,0,5,0,0,0,0,0,0,0,53,0,0,0,10,0,0,0,0,0,0,0,0,3,0,0,0,3706,0,0,0,0,0,0,0,0,0,0,0,0,0,0,0,0,0,0,0,543,831,0,0,0,106,0,0,0,0,0,0,0,0,0,0,0,0,0,95,0,858,0,28,0,18,0,0,0,5,0,83,0,0,8,0,0,290,6,0,101,0,1,2442,0,30,0,0,0
"SRR9671503",1,0,70,0,33,0,0,0,420,0,74,86,273,0,0,0,0,47,4,14,0,74,0,0,0,0,0,103,1,0,0,0,0,0,5,0,2,0,0,0,6,0,0,0,0,0,0,241,7,19,0,839,0,0,0,368,3,1,55,0,0,2,0,0,0,0,0,26,842,0,0,37,0,164,0,0,4,0,0,198,0,5,159,0,1,0,113,0,0,0,0,0,0,0,2,875,0,129,1,0,0,0,0,0,0,3,0,0,0,1323,0,4269,0,0,0,4576,0,0,22,5,0,0,0,0,0,0,0,0,256,0,0,0,0,9,0,2,0,3,0,0,604,7,0,0,0,749,252,0,0,0,42,0,0,6,6,0,88,1,80,143,1,0,0,1,0,0,11,12,0,0,0,0,0,5,0,0,0,0,0,0,0,12,1,393,0,0,0,2,0,0,0,0,0,40,0,0,0,39,0,0,49,0,0,0,3,0,0,0,2,0,0,0,0,0,5,3,23,3,0,20,0,0,0,0,0,0,58,0,0,7,0,0,24,496,26,0,0,0,0,0,0,9,0,0,0,0,0,0,0,0,4,0,0,61,2256,0,11,0,338,0,0,3,0,0,0,0,0,13,0,3,0,0,1420,0,1043,0,0,0,10,0,0,0,10,0,0,0,0,13,0,0,135,5,0,98,3,0,3449,0,48,0,0,3
"SRR9671504",4,0,0,32,321,0,0,0,176,0,295,0,12319,0,0,0,0,28,0,99,0,0,0,0,0,0,0,940,0,0,0,0,0,0,0,1,0,0,0,0,7,0,0,0,0,2,0,1092,0,3592,1,1700,0,0,0,0,17,1,0,0,2,3,6,0,0,0,0,0,0,0,0,0,3,469,0,0,0,142,0,3,0,58,2504,0,0,1162,349,1,0,0,0,5,0,0,0,1,1,3,8,98,16,0,0,0,0,0,0,0,14,1,0,19,0,0,0,276,0,0,9,0,0,0,0,0,0,62,0,0,3,0,0,0,0,0,0,5,0,0,0,0,0,2,0,0,5,5,1,1,0,0,1,0,0,8,0,0,23,0,0,75,0,0,0,23,0,0,0,0,0,0,0,0,0,0,3,0,0,0,0,0,0,13,0,0,1,0,0,0,0,0,0,0,0,66,0,0,0,0,0,0,142,0,0,0,8,0,0,0,7,0,0,0,0,0,13,0,103,0,0,41,0,0,0,0,0,0,0,2,0,9,0,0,0,444,0,0,0,0,0,0,0,2,0,0,1,1,0,0,19,0,0,0,0,1,583,0,0,9,59,0,0,0,0,6,0,0,0,0,0,0,0,0,134,0,414,0,0,0,0,0,0,0,2,0,0,0,0,0,0,0,250,6,0,182,0,0,3821,0,1,0,0,0
"SRR9671505",0,0,45,2,1034,0,0,0,290,0,120,38,48,0,0,0,0,22,3,42,0,1909,0,2344,0,0,0,372,0,0,0,0,0,0,14,0,0,0,0,0,448,2,0,0,0,1,0,1134,0,1230,0,2573,0,0,0,147,19,1679,0,0,0,5,17,0,0,0,2,0,0,0,0,0,4,17,0,0,0,0,0,3,0,0,0,0,0,0,1366,0,1,0,0,3,0,0,0,0,0,204,4,3,28,0,0,0,0,0,0,0,12,329,0,49,0,0,0,2228,0,0,24,18,0,0,0,14,0,1,8,0,1462,1,0,17,0,2,0,3,4,0,0,0,0,19,0,0,2,32,18,5,0,0,444,0,0,38,6,0,23,0,10,66,0,0,0,20,0,0,0,0,0,0,0,0,0,0,0,0,0,0,0,0,0,11,3,0,0,0,0,0,0,0,0,0,0,134,0,0,0,0,0,0,3,0,0,0,4,0,0,0,17,0,3,0,0,0,2,0,75,1,0,0,0,0,0,0,0,0,0,0,1,43,0,0,12,0,0,0,0,0,0,0,0,2,0,0,0,0,0,0,0,0,0,0,0,82,166,0,30,0,172,0,0,0,0,10,0,0,0,0,0,2,0,0,174,0,569,0,3,0,0,0,0,0,2,0,0,0,29,48,0,0,296,11,0,8,0,7,2431,0,13,0,0,0
"SRR9671506",156,2,0,4,845,2,0,0,78,0,0,1157,520,0,1,0,0,107,2,4,0,2,0,0,0,0,0,140,0,73,0,0,0,0,0,0,0,0,0,0,38,2,0,0,0,0,0,1345,0,6,45,4339,0,0,0,76,24,0,0,0,0,3,20,0,0,0,0,0,0,0,0,0,0,0,0,2,1,0,0,1,0,4,0,0,0,1,0,8,3,0,0,0,0,0,20,0,0,107,0,67,28,0,0,0,0,5466,0,0,262,0,0,49,0,0,0,1755,0,114,0,0,1,0,0,66,0,0,0,0,12,0,0,0,0,0,0,8,9,0,0,0,0,10,0,1,18,102,230,2,0,0,0,0,0,5245,23,0,0,0,132,49,0,0,29,5,0,0,32,0,0,0,0,0,0,0,0,0,0,0,2,0,0,0,3,0,0,0,0,1,0,0,0,0,0,109,0,0,0,13,0,0,0,0,0,0,11,0,0,0,12,0,0,0,0,0,0,0,334,5,0,0,348,0,0,0,0,0,0,0,0,2223,6,0,0,3,0,0,0,0,0,0,0,25,0,0,0,3,0,0,0,0,4,0,0,0,8,0,4,0,286,0,0,0,0,0,0,0,0,0,0,0,0,0,1064,0,0,0,0,0,0,2,0,0,6,0,0,0,0,170,0,0,16,6,0,6,0,0,1671,0,0,0,0,0
"SRR9671507",132,42,25,58,166,0,0,0,847,0,0,803,74,0,3,0,0,17,14,145,0,0,0,0,0,0,0,307,0,0,0,0,0,0,0,0,0,0,0,0,354,16,0,0,0,0,0,2423,33,44,74,1555,0,0,0,35,13,0,0,0,0,4,19,0,0,0,0,0,0,0,0,0,10,0,0,0,12,128,0,31,0,121,0,0,0,0,0,0,0,0,0,0,0,0,0,0,7,98,5,10,44,0,0,0,17,1,0,0,158,0,0,144,47,0,0,2972,0,1,7,0,0,0,0,66,0,0,0,0,476,8,0,2,0,14,0,0,0,1,0,0,0,85,0,145,28,20,41,39,0,0,1481,0,0,263,3,0,11,0,23,235,0,0,0,45,0,0,487,59,20,0,0,0,0,0,5494,0,347,0,0,0,0,0,1,0,0,0,0,1,0,0,0,0,1,0,0,0,0,0,0,0,0,0,0,0,12,0,0,0,71,1,0,0,0,0,3,0,109,0,0,0,79,0,0,0,0,0,0,0,0,207,0,0,0,0,0,0,0,3,0,0,0,4,0,0,0,0,0,8,3,0,0,0,0,11,673,0,62,0,0,0,0,2,0,29,0,0,0,0,0,0,0,0,2328,0,107,0,0,0,0,0,0,0,0,0,13,0,0,19,0,0,0,0,0,0,0,0,3452,0,706,0,0,44
"SRR9671508",2,0,0,4,176,0,0,0,0,0,0,22,59,0,1,0,0,14,1,0,0,5932,0,0,0,0,0,173,0,0,0,0,0,0,0,0,0,0,0,0,318,1,0,0,0,0,0,9573,0,172,32,990,0,0,0,454,65,0,0,0,0,0,0,0,0,0,0,0,0,0,0,0,0,0,0,0,0,0,0,1,0,4,52,0,0,0,124,1,0,0,0,0,0,0,0,687,0,113,0,3,0,0,0,0,0,0,0,0,0,261,0,2,0,0,0,3573,0,0,5,0,0,0,0,58,0,0,0,0,171,0,0,0,0,0,0,0,2,0,0,0,0,0,0,0,1,47,83,7,0,0,11,0,0,3610,543,0,35,0,94,32,0,0,296,3,0,0,0,0,0,0,0,0,0,0,2,0,0,0,0,0,0,0,0,0,0,0,0,0,0,0,0,0,0,39,0,0,0,0,0,0,0,0,0,0,0,0,0,0,88,0,0,0,0,0,0,0,75,0,0,0,0,0,0,0,0,0,0,0,0,0,0,0,0,0,0,0,0,0,0,0,0,0,0,0,0,0,0,0,4,0,1,0,0,7,1032,0,0,0,0,0,0,0,0,0,0,0,5,0,0,0,0,0,19,0,0,0,0,0,2,0,0,0,3,0,1,0,0,36,0,0,67,0,0,0,0,0,1129,0,14,0,0,0
"SRR9671509",4,9,37,2,171,1,343,0,984,0,26,3,248,0,1,0,0,11,15,61,0,3153,0,23,0,0,0,331,0,0,0,0,0,0,4,0,0,0,0,0,77,0,0,0,0,6,0,679,108,247,16,1174,0,0,0,183,46,606,148,0,0,2,0,0,0,0,0,10,39,0,0,0,6,226,0,0,0,8,0,0,0,2,199,0,0,85,121,0,0,0,0,0,0,0,81,524,0,412,0,8,6,0,0,0,0,44,0,0,0,141,0,32,4,0,0,2573,0,1,18,26,0,0,0,0,0,0,19,0,116,5,0,1,0,4,0,0,0,2,0,0,0,0,0,3,3,28,0,5,0,0,1,0,0,18,7,0,26,0,0,294,12,0,0,58,0,4,6,0,0,0,0,0,0,0,817,0,329,0,0,0,0,23,1,20,0,0,0,0,0,0,0,0,0,47,0,0,0,0,0,0,200,0,0,0,9,0,0,0,9,1,6,0,0,0,2,0,35,0,0,11,0,0,0,0,0,0,15,0,0,92,0,0,0,70,0,0,0,1,0,0,0,0,0,0,0,0,0,0,3,0,0,0,0,113,1194,0,20,0,98,0,0,2,0,0,0,0,0,0,0,3,0,0,2097,0,1050,0,2,0,0,0,0,0,8,0,0,0,0,34,0,1,621,18,0,128,0,8,2683,0,23,0,0,0
"SRR9671510",0,0,0,0,352,0,0,0,0,0,0,777,1,0,0,0,0,79,2,0,0,4,0,1,0,0,0,0,1,4,0,0,0,0,0,0,0,0,0,0,21,0,0,0,0,0,0,272,0,24129,0,1071,0,0,0,0,0,0,0,0,0,0,0,0,0,0,0,0,0,0,0,0,0,0,0,0,0,0,0,29,0,0,1,0,1,0,1,0,0,0,0,0,0,0,0,0,0,7,0,9,0,0,0,0,0,0,0,0,15,136,0,67,0,0,0,6,0,0,0,0,0,0,0,0,0,0,0,0,1104,0,0,0,0,11,0,0,0,2,0,0,0,0,0,0,3,38,11,0,0,1,2,0,0,2589,4,0,0,0,0,0,0,0,26,0,7,1,0,1,0,0,0,0,0,0,0,0,1,0,0,0,0,0,5,372,40,0,0,4,0,0,0,0,0,6,0,0,0,0,0,0,0,0,0,0,0,0,0,1,0,0,0,0,0,0,0,0,18,0,0,0,0,0,0,69,0,0,0,0,3,34,0,0,0,0,0,0,0,0,0,0,0,9,2,0,0,0,0,0,0,0,2,0,0,255,2,0,3,0,0,0,0,0,0,0,0,0,0,16,0,0,0,0,774,0,0,0,0,0,0,2,0,0,0,0,7,0,157,0,0,0,1,0,0,0,0,0,947,0,10,0,0,0
"SRR9671511",0,0,18,5,180,0,317,222,32,52,30,50,123,0,0,0,0,6,4,9,0,405,0,19,0,0,0,431,0,25,0,0,0,0,0,0,0,0,0,0,110,2,0,0,0,0,0,942,111,186,4,771,0,0,0,50,11,719,25,0,0,4,0,0,0,0,0,0,0,182,0,0,3,940,0,0,0,0,0,3111,0,0,63,0,3,0,1341,0,0,0,0,6,0,0,136,0,0,159,0,0,1,0,0,0,0,1,0,20,39,80,0,206,3,0,0,2254,0,1,19,18,0,0,0,2,0,0,0,0,104,0,0,4,0,1,0,0,0,2,0,0,330,12,0,1,0,153,971,0,0,0,6,0,0,17,48,0,40,0,5,538,25,4,0,3,0,0,0,0,0,0,0,0,0,0,131,0,87,0,0,0,0,15,0,0,0,0,7,1,0,0,0,0,35,33,0,0,0,6,0,0,70,0,0,0,47,0,1,0,15,0,3,0,0,0,1,3,86,1,0,26,1,2,0,0,0,0,2,0,0,63,2,0,183,234,0,0,0,0,0,0,0,2,0,0,0,0,0,0,0,0,6,0,0,1076,860,0,0,0,543,1,115,0,0,0,41,0,0,4,0,0,0,0,97,0,729,0,9,0,246,0,0,0,10,0,243,0,0,9,0,2,509,68,0,143,0,3,3128,0,1,0,0,0
"SRR9671512",6,0,0,0,1,0,0,0,0,0,0,28596,0,1,0,0,0,40,0,0,0,3,0,2661,0,0,0,0,0,0,0,0,0,0,0,0,0,0,0,0,255,0,0,0,0,0,0,3,0,334,0,0,0,0,0,0,0,0,0,0,0,0,0,0,0,0,0,0,0,0,0,0,0,0,0,0,0,0,2,4,0,0,1,0,0,0,0,0,0,0,0,0,0,0,0,0,0,0,0,262,95,0,0,0,0,4,0,0,1,0,0,392,0,0,0,3,0,0,0,0,0,0,0,1,0,0,0,0,0,0,0,0,0,0,0,0,0,0,0,0,0,0,0,95,0,0,0,0,0,0,0,0,0,24,0,0,0,0,0,0,0,0,0,0,1605,0,2227,0,0,0,0,0,0,0,1,0,42,0,0,0,0,0,0,0,0,0,0,0,0,0,0,0,0,0,0,0,0,0,0,0,0,0,0,0,0,0,0,0,0,0,0,0,0,0,0,0,0,2,0,0,0,0,0,0,0,0,0,0,0,1,0,0,0,0,0,0,0,0,0,0,0,6,0,0,0,0,0,0,0,0,1,0,0,0,1,0,0,0,4,0,0,0,0,0,0,0,0,0,0,0,0,0,18,0,3,0,3,0,0,0,0,0,0,0,0,0,0,0,0,0,0,0,0,0,0,0,13,0,107,0,0,0
"SRR9671513",187,0,0,10,45,47,0,1,1,0,26,39,6,0,0,0,0,16,35,89,10,2,0,0,2,30,30,309,0,0,3,0,10,0,0,10,0,2,0,0,609,15,0,7,0,3,9,317,0,1147,3,2266,0,0,0,49,8,15,0,4,0,0,0,0,0,0,11,0,0,0,0,0,0,13,0,0,0,0,0,369,0,0,0,0,3,0,4,0,0,0,0,0,0,0,0,0,0,0,172,222,2372,0,0,0,1,10,0,0,266,0,0,12290,393,0,0,73,0,9,0,9,0,0,3,30,0,0,0,0,0,5,0,0,6,0,0,12,0,2,0,0,0,0,0,4,72,121,842,17,5,0,2,0,0,176,4,0,39,0,0,37,25,0,0,0,0,0,0,0,0,0,0,5,0,0,0,3,0,28,0,55,0,0,0,0,0,0,0,1,0,19,0,0,1,15,0,30,0,0,0,9,425,3,0,0,9,12,0,0,73,0,0,0,4,4,2,0,2,0,0,0,1,0,5,0,9,0,0,0,0,48,0,0,0,0,0,0,0,0,0,0,16,4,0,0,0,0,0,0,0,0,8,0,0,2416,253,0,5,0,40,0,0,0,0,187,0,4,0,0,9,3,0,0,742,11,1896,12,0,0,23,1,0,8,32,0,70,0,0,648,3,0,0,0,0,0,0,0,1436,0,0,21,0,0
"SRR9671514",1,0,10,0,41,10,0,0,32,0,3,22,48,56,0,17,0,10706,3661,0,3,92,0,8,0,0,0,22,44,0,0,0,0,0,0,0,21,0,0,0,40,0,0,0,5,639,0,21,0,227,0,227,19,0,9,14,0,6,0,0,9,0,0,0,2,0,0,4,0,0,0,0,0,15,10,0,0,0,2,4,3,2,64,0,0,5,14,25,0,5,0,0,15,14,0,0,0,82,0,13,11,0,0,15,2,210,0,0,1,27,0,153,12,0,0,74,0,0,2,0,0,0,0,0,0,0,1,0,41,0,0,0,0,0,3,0,92,0,0,2,27,0,0,0,0,3,15,1,0,0,32,12,0,0,0,0,4,0,0,1,0,0,0,0,0,0,3,279,0,2,0,0,4,37,219,0,32,0,0,0,20,0,374,12,608,0,0,224,0,0,0,7,0,0,0,0,11,0,4,0,5,14,10,4,1,0,27,0,0,0,0,0,0,0,0,0,2,231,0,0,0,0,0,0,0,0,0,0,116,0,0,0,0,18,2,5,0,0,0,0,25,1930,5,0,0,0,0,1,0,7,441,0,0,20,11,0,35,0,61,0,0,53,9,9,6,0,0,0,0,3,21,0,3219,0,145,0,0,0,0,39,0,0,8,0,0,0,3,18,0,0,29,0,0,13,0,0,1686,0,2431,0,0,139
"SRR9671515",1,0,0,2,191,1,0,1,130,2,0,121,30,0,0,0,9,22,0,0,0,2894,0,1,0,0,0,26,0,0,0,0,0,0,0,0,0,0,0,0,51,1,0,0,0,1,0,199,5,1210,23,660,0,0,0,119,2,0,70,0,0,2,7,0,0,0,0,13,0,0,0,0,0,1198,0,0,0,0,0,358,0,16,413,0,2,0,652,0,0,0,0,5,0,0,84,523,0,28,0,0,5,0,0,0,0,0,0,0,15,876,0,12,0,0,0,9631,0,0,8,11,0,0,0,6,0,0,0,0,504,0,0,3,0,1,0,1,1,106,0,0,1,6,0,0,6,10,120,1,0,0,744,0,0,449,4,0,10,0,198,71,173,0,0,1,0,0,0,0,0,0,0,0,0,0,0,0,0,0,0,0,0,7,1,1751,56,0,0,0,0,0,0,0,0,105,0,0,0,0,0,0,26,0,0,0,2,0,0,0,1,0,0,0,0,0,1,0,2,0,0,121,4,0,0,0,0,0,0,0,0,116,3,0,22,0,0,0,0,0,0,0,0,7,0,0,0,0,0,0,3,0,0,0,0,328,3127,0,4,0,125,0,0,0,0,18,0,0,0,0,0,3,0,0,74,0,368,0,6,0,1,0,0,0,9,0,173,0,65,6,0,0,6,6,0,8,0,2,3091,0,259,0,0,0
"SRR9671516",33,0,0,0,591,3,0,0,468,0,103,182,1079,0,0,0,0,91,76,0,0,3078,0,0,0,0,0,1,0,34,0,0,0,0,0,0,0,0,0,0,4562,0,0,0,0,0,0,203,0,89,0,3765,0,0,0,1149,0,2,917,0,0,0,0,0,0,0,0,0,0,0,0,0,0,1,0,0,0,0,335,3,0,2,35,0,2,0,1009,0,0,0,0,0,0,0,0,0,0,0,0,10,0,0,0,0,0,32,0,0,61,1525,0,67,0,0,0,9,0,0,0,0,0,0,0,7,0,0,0,0,140,0,0,0,0,2,0,0,0,0,0,0,3,0,0,0,6,51,0,0,0,0,0,0,0,828,72,0,240,0,26,144,0,0,99,0,0,0,5,0,0,0,0,0,0,0,28,0,3,0,0,0,0,1,4,0,0,0,0,0,0,0,0,0,0,0,0,0,0,0,0,0,0,0,0,0,0,0,0,0,1,0,0,0,0,0,0,0,29,3,0,0,5,0,0,0,0,0,0,0,3,79,0,0,0,297,0,0,0,0,0,0,0,22,0,0,0,0,0,0,0,0,4,0,0,6,134,0,4,0,3,0,0,0,0,0,0,0,0,0,0,16,0,0,673,0,1760,0,0,0,0,2,0,0,97,0,0,0,0,0,0,0,1,0,0,0,0,0,675,0,46,0,0,0
"SRR9671517",9,55,7,32,284,22,44,0,68,0,0,20,254,0,0,0,0,25,5,239,0,113,0,847,0,0,0,0,0,12,0,0,0,0,0,4,0,0,0,0,101,14,0,0,0,2,0,1926,0,679,0,1701,0,0,0,47,9,0,1,0,0,13,0,0,0,0,0,0,0,0,0,0,0,8,0,0,14,0,0,465,0,152,0,0,3,0,464,0,0,0,0,0,0,0,0,0,0,2457,5,51,31,0,0,0,0,248,28,0,4,186,0,12765,0,0,0,557,0,0,8,6,0,0,0,9,0,0,0,0,338,2,0,0,0,0,0,0,0,0,0,0,1705,59,0,0,428,78,19,1,0,0,0,0,0,145,4,0,26,0,9,59,26,0,7,151,0,0,0,0,0,0,0,0,0,0,0,0,0,0,0,0,0,6,2,1,0,0,0,0,0,0,0,0,0,4,0,0,0,0,0,0,709,0,0,0,0,0,0,0,60,7,4,0,0,0,6,0,139,0,0,0,10,0,0,0,0,0,0,0,0,478,0,0,0,0,0,0,0,0,0,0,0,0,0,0,13,88,0,0,0,0,0,0,0,241,687,0,0,0,137,0,0,0,0,154,0,0,0,0,0,0,0,0,29,0,2902,0,0,4,0,0,0,0,2,0,0,0,0,144,0,0,81,3,0,274,0,15,968,0,9,0,0,0
"SRR9671518",5,0,20,0,1554,2,0,0,52,0,0,93,106,0,0,0,0,18,14,46,0,0,0,12,0,0,0,60,0,32,0,0,2,0,0,0,0,0,0,0,1880,0,0,0,0,3,2,772,17,1955,7,1972,0,0,0,60,0,1,0,0,0,0,12,0,0,0,0,1,0,0,0,0,0,0,0,0,0,0,0,837,0,2,0,0,0,0,21,0,0,0,0,0,0,0,76,0,0,455,4,6,4,0,7,0,0,6,0,0,10,546,0,12,2,0,0,6998,0,0,10,0,0,0,0,4,0,1,0,0,175,0,0,0,0,3,0,0,1,2,0,0,0,1,0,0,1,7,1,0,0,0,36,0,0,158,0,0,0,0,4,38,0,0,1,8,0,0,5,0,0,0,0,0,0,0,222,0,10,0,0,0,0,16,0,0,0,0,0,0,0,0,0,0,0,20,0,0,0,1,0,0,8,0,0,0,2,0,0,0,5,1,0,0,0,0,0,0,13,0,0,0,0,2,0,0,0,0,0,0,0,19,0,0,0,1,0,0,0,0,0,0,0,1,0,0,0,0,0,0,0,0,0,0,0,151,138,0,1,0,57,0,0,0,0,7,0,0,0,0,0,4,0,0,285,0,1098,0,0,0,0,0,0,0,57,0,0,0,0,2,0,0,2,6,0,7,0,0,2249,0,24,0,0,0
"SRR9671519",16,43,0,34,143,20,0,0,12,0,0,80,404,0,3,0,0,22,16,69,0,113,0,402,0,0,0,200,0,10,0,0,0,0,12,0,0,0,0,0,14,1,0,0,0,9,0,213,0,869,103,462,0,0,0,76,2,0,0,0,0,0,0,0,0,0,0,0,0,0,0,0,12,145,0,0,3,0,0,101,0,5,936,0,3,0,1,0,0,0,0,2,0,0,123,393,0,167,7,6,53,3,0,0,3,1,0,0,25,1,0,141,1,0,0,131,0,0,15,3,0,0,0,6,0,0,0,0,72,29,0,0,0,26,0,0,0,0,0,0,1,15,0,0,99,16,14,1,0,0,27,0,0,519,8,0,0,0,0,14,4,0,0,180,1,1,210,0,1,0,0,0,0,0,16645,0,842,0,0,0,0,15,0,0,38,0,0,0,0,0,9,0,2,55,0,0,0,12,0,0,9,0,0,0,4,0,3,0,6,0,0,0,0,0,2,0,27,0,0,3,0,0,0,1,0,0,0,0,0,4,0,0,0,0,0,0,0,6,0,0,0,5,0,0,0,56,0,0,0,0,37,0,0,344,710,0,0,0,147,0,0,0,0,0,0,0,0,0,0,0,0,0,3433,0,628,0,0,0,1,0,0,0,0,0,11,0,0,118,0,0,43,0,0,7,0,0,2447,0,1,0,0,0
"SRR9671520",1,17,5,0,390,1,180,16,4,0,92,0,583,1,0,0,2,10,6,0,0,3625,0,1,0,0,0,75,0,32,27,0,0,0,0,0,0,0,0,0,13,0,0,0,0,0,0,149,7,16,7,1206,0,0,0,144,7,1,5,0,0,2,0,0,0,0,2,0,1555,0,0,0,6,561,0,0,0,0,0,85,0,0,70,0,0,0,977,0,0,0,0,0,0,0,49,0,2,368,6,0,2,0,0,0,0,0,0,0,5,5,0,3,0,0,0,1980,0,0,38,4,1,0,0,6,0,0,0,0,177,5,0,7,0,2,0,0,0,0,0,0,249,8,0,0,1,103,183,0,0,0,4,0,0,263,5,0,31,0,7,439,0,0,8,14,0,0,0,3,0,0,0,0,0,0,184,0,5,0,0,0,0,38,0,1,3,0,0,0,0,0,0,0,0,85,0,0,0,47,0,0,686,0,0,0,4,0,0,0,1,0,7,0,0,0,6,0,59,1,0,0,0,0,0,0,0,0,0,0,0,12,2,0,48,615,0,0,0,0,0,0,0,3,0,0,0,0,0,0,0,0,3,0,0,206,1065,0,1,0,166,0,0,0,0,0,0,0,0,5,0,135,0,0,279,0,3395,0,11,0,0,0,0,0,0,0,82,0,0,33,0,0,543,10,0,74,0,0,1130,0,1,0,0,0
"SRR9671521",0,17,107,1,143,0,2,164,102,8,33,0,39,0,1,0,0,5,14,8,0,1081,0,191,0,0,0,402,0,2,0,0,0,0,2,0,0,0,0,0,32,4,0,0,0,7,0,878,56,283,5,1099,0,0,0,184,2,1497,151,0,0,0,0,0,0,0,0,0,0,0,0,0,3,532,0,0,7,14,0,63,0,13,48,0,0,0,627,0,0,0,0,0,0,0,69,241,0,114,0,0,0,0,0,0,2,0,0,0,0,47,0,311,0,0,0,4402,0,0,5,8,0,0,0,2,0,0,0,0,98,0,0,2,0,3,0,0,0,0,3,0,575,3,0,2,3,21,23,25,0,0,2,0,0,156,65,0,55,0,18,539,13,0,21,71,3,0,15,0,1,0,0,0,0,0,535,0,6,0,0,0,0,5,0,0,73,0,0,0,0,0,0,0,0,66,0,0,0,132,0,0,435,0,0,0,20,0,0,0,57,6,6,0,0,0,5,0,103,3,0,0,0,0,0,0,0,0,0,0,0,323,3,0,1,1554,0,0,0,0,0,0,0,3,0,0,1,8,0,0,0,0,1,0,0,149,749,0,23,0,156,2,0,0,0,0,0,0,0,2,0,0,0,0,2454,0,2592,0,10,0,0,0,0,0,0,0,15,0,0,5,0,0,1258,106,0,299,0,23,3561,0,65,0,0,0
"SRR9671522",4,16,8,0,138,2,0,0,0,0,0,57,596,1,0,0,0,8,32,40,0,0,0,3,0,0,0,4,0,0,0,0,0,0,0,0,0,0,0,0,165,0,0,0,0,7,0,27,0,818,2,1820,0,0,0,449,0,0,514,0,0,0,0,0,0,0,0,0,0,0,0,0,0,1,0,0,6,0,0,3,0,1,228,0,0,0,37,7,0,0,0,0,0,0,0,1,0,609,0,6,0,0,0,0,1,1596,0,0,3,185,0,8017,5,0,0,673,0,3,7,0,0,0,0,4,0,0,0,0,203,0,0,0,0,2,0,0,0,5,0,0,0,1,0,0,0,5,0,0,0,0,729,0,0,29,0,0,0,0,5,0,0,0,6,0,0,0,2,55,0,3,0,0,0,1,44,0,49,0,0,0,0,25,0,1,2,0,0,0,0,0,0,2,0,7,0,0,0,0,0,0,0,0,0,0,0,0,0,2,2,0,0,0,0,0,0,0,2,0,0,0,0,0,0,0,0,533,81,0,0,3,0,0,0,4,0,34,3,0,0,0,0,4,0,0,0,0,0,0,2,0,0,0,0,0,687,0,25,0,537,0,0,0,0,37,0,0,0,10,0,5,0,0,829,0,5352,0,0,0,0,0,0,0,12,0,0,0,74,11,0,0,1,0,0,0,0,0,1172,0,97,0,0,77
"SRR9671523",0,0,0,0,252,3,0,0,0,0,34,114,696,0,0,0,0,14,9,62,0,1056,0,0,0,0,0,10,0,3,0,0,0,0,0,0,1,0,0,0,294,0,0,0,0,0,1,35,0,10,7,1356,0,0,0,117,0,11,0,0,0,0,0,0,0,0,0,0,0,0,0,0,0,121,0,0,0,0,0,1,0,1,22,6,0,0,113,0,0,0,0,0,0,0,64,0,0,49,0,0,2,0,0,0,0,1,0,0,20,90,0,14045,0,0,0,2112,0,11,1,0,0,0,0,3,0,0,44,0,217,11,0,0,0,8,0,0,0,33,0,0,0,5,0,0,0,15,0,0,0,0,95,0,0,399,14,0,14,0,156,69,6,0,8,6,0,0,0,0,0,0,0,0,0,0,0,0,13,0,0,0,0,21,0,1358,7,0,0,1,0,0,0,0,0,83,0,0,0,0,0,0,13,0,0,0,0,0,0,2,0,0,0,0,0,0,0,0,0,0,0,0,0,0,0,0,0,0,0,0,0,1,0,0,3,0,0,0,0,0,0,0,0,4,0,0,0,0,0,0,1,0,0,0,0,0,392,0,12,0,2,0,0,0,0,0,0,0,0,0,0,4,0,0,213,0,1196,0,0,0,0,0,0,0,3,0,0,0,0,1,0,0,5,0,0,0,0,0,1153,0,65,0,0,0
"SRR9671524",7,0,82,0,542,2,48,1,64,0,0,51,367,9,0,0,943,81,10,0,0,2553,0,6,0,0,0,3,0,0,0,0,0,0,0,0,0,0,0,0,436,0,0,0,0,1,0,190,1,472,92,2404,0,0,0,206,0,135,95,0,2,0,0,0,0,0,0,0,0,0,0,0,0,0,0,0,0,0,0,410,0,0,113,0,1,0,237,0,0,0,0,0,0,0,0,483,0,402,0,26,8,0,0,0,2,0,0,0,23,750,0,15,0,0,0,5615,0,6,0,0,0,0,0,14,0,5,0,0,421,22,0,0,0,12,0,0,5,71,0,0,0,12,0,0,2,33,232,1,0,0,1,0,0,656,37,0,0,0,82,154,7,0,4,1,0,0,0,0,0,0,3,0,0,0,512,0,0,0,0,0,0,0,2,1235,0,0,0,0,0,0,0,0,0,286,0,0,0,0,0,0,9,0,0,0,0,0,0,0,0,0,0,0,0,0,0,0,2,0,0,0,0,7,0,0,0,172,0,0,2,105,0,0,0,1289,0,0,0,0,0,0,0,11,0,0,0,1,0,0,8,0,0,0,0,1882,152,0,3,0,194,0,0,0,0,2,0,0,0,45,0,4,0,0,431,0,696,0,11,0,241,1,0,0,20,0,187,3,101,114,0,0,0,0,0,0,0,0,1477,0,252,0,0,1
"SRR9671525",115,26,58,57,944,3,492,42,0,0,88,2,948,0,0,0,0,44,0,175,0,191,0,37,0,0,0,416,0,0,0,0,0,0,0,0,0,0,0,0,76,1,0,0,0,0,0,1063,121,2,11,839,0,0,0,11,18,0,1,0,5,11,0,0,0,0,9,0,0,0,0,15,0,784,0,0,0,0,0,1030,0,76,4848,0,0,0,138,4,0,0,0,0,0,0,0,148,0,1123,43,3,73,0,0,0,0,0,0,0,0,1045,0,3,0,0,0,376,0,6,122,0,0,0,0,10,0,0,0,0,68,0,0,0,0,2,0,2,0,0,0,0,0,5,0,8,10,157,2045,2,0,0,0,0,0,5,33,0,67,0,2,59,43,0,0,12,0,0,8,0,0,0,0,0,0,0,0,0,0,0,0,0,0,30,0,0,0,4,0,0,0,0,0,0,0,7,0,0,0,6,0,0,246,0,0,0,3,0,0,0,2,1,3,0,0,0,2,1,49,0,0,15,0,0,0,0,0,0,0,0,0,3,4,0,29,33,0,0,0,5,0,0,0,8,0,0,0,0,0,0,13,0,2,0,0,632,532,0,1,0,157,5,0,0,0,2,0,0,0,43,0,0,0,8,26,0,4469,0,0,0,31,0,0,0,6,0,30,0,0,132,0,0,790,20,0,132,0,0,3840,0,1,0,0,0
"SRR9671526",2,0,311,4,376,0,613,11,94,29,59,0,211,0,0,0,0,3,0,53,0,912,0,113,0,0,0,514,0,0,0,0,0,0,0,0,0,0,0,0,574,16,0,0,0,0,0,901,312,0,7,1220,0,0,0,74,35,3,14,0,0,0,0,0,0,0,0,0,0,0,0,0,8,411,0,0,0,0,0,87,0,2,40,0,0,0,3253,0,0,0,0,0,0,0,0,1227,0,259,0,0,4,0,0,0,0,1,0,0,11,232,0,7,0,0,0,433,0,1,19,0,0,0,0,0,0,0,0,0,183,0,0,4,6,0,0,1,0,0,0,0,0,4,0,0,2,81,0,3,0,0,0,0,0,125,33,0,11,0,9,375,48,0,6,26,0,0,0,0,0,0,0,0,0,0,4,0,0,0,0,0,0,57,0,0,0,0,0,0,0,0,0,0,0,68,0,0,0,3,0,0,276,0,0,0,22,0,0,0,2,0,18,0,0,0,0,0,45,0,0,262,7,0,0,0,0,0,0,0,0,66,1,0,25,8944,0,0,0,0,0,0,0,0,0,0,0,0,0,0,0,0,0,0,0,14,894,0,2,0,406,0,18,0,0,0,0,0,0,0,0,58,0,0,59,0,915,0,6,0,0,0,0,0,0,0,0,0,0,14,0,0,342,17,0,358,0,2,2244,0,1,0,0,0
"SRR9671527",7,0,0,8,93,0,15,0,13,0,0,0,1,0,0,0,0,13,0,0,0,2,0,0,0,0,0,280,0,16,45,0,0,0,0,0,0,0,0,0,7,0,0,0,0,0,0,3324,9,8614,16,1105,0,0,0,197,70,0,28,0,0,0,0,0,0,0,3,0,36,0,0,0,4,737,0,0,0,0,0,1,0,6,161,0,14,0,18,0,0,0,0,0,0,0,136,118,0,24,0,14,11,0,0,0,0,28,0,0,0,5,0,148,0,0,0,2434,0,0,7,0,0,0,0,16,0,0,0,0,38,0,0,0,0,0,0,0,0,0,0,0,136,4,0,4,0,65,14,42,0,0,0,0,0,54,0,0,4,0,1,57,0,0,2,0,3,0,37,0,0,0,0,0,0,0,3685,0,5018,0,0,0,0,0,1,0,17,0,1,0,0,0,0,0,0,4,0,0,0,0,0,0,218,0,0,0,118,0,0,0,37,0,7,0,0,0,0,0,513,0,0,0,9,0,0,0,0,0,0,0,0,59,0,0,17,31,0,0,0,0,0,0,0,2,0,0,0,0,0,0,0,0,0,0,0,82,73,0,0,0,31,0,2,0,0,0,0,0,0,16,0,0,0,0,17,0,495,0,0,0,1,0,0,0,1,0,0,0,0,94,0,0,235,2,0,39,0,0,1250,0,0,0,0,0
"SRR9671528",1484,0,0,11,2,0,0,0,0,0,0,2,0,0,0,0,0,55,0,0,0,0,0,19599,0,0,0,0,0,0,2,0,0,0,0,0,0,0,0,0,74,1,0,0,0,0,0,233,0,334,0,1511,0,0,0,36,0,3,1,0,0,0,0,0,0,0,0,0,0,0,0,0,0,1,0,0,0,0,1,37,0,0,1,0,2,0,0,0,0,0,0,0,0,0,0,0,0,1,0,666,246,0,0,0,0,3529,0,0,4647,0,0,241,115,0,0,1,0,0,0,0,0,0,0,5,0,0,0,0,2,0,0,0,0,0,0,5,0,3,0,0,0,0,0,0,9,3,102,0,0,0,2,0,0,536,0,0,0,0,0,0,0,0,0,0,0,0,0,0,0,0,0,0,0,0,2,0,0,0,0,0,0,0,0,1,0,0,0,1,0,0,0,0,0,13,0,0,0,0,0,0,0,0,0,0,0,0,0,0,0,0,0,0,0,0,0,0,42,1,0,0,0,0,0,0,0,0,0,0,0,56,0,0,0,2,0,0,0,0,7,0,0,10,0,0,0,2943,0,0,0,0,2,0,0,29,167,0,0,0,2,0,0,0,0,0,0,0,0,0,0,0,0,14,0,0,0,0,0,0,16,0,0,0,0,0,1,0,0,67,0,0,1,0,0,0,0,0,457,0,0,0,0,0
"SRR9671529",2,1,39,2,100,0,0,0,9,0,20,5,614,0,0,0,0,11,0,35,0,1031,0,6,0,0,0,624,0,0,0,0,0,0,0,0,0,0,0,0,153,7,0,0,0,0,0,6437,184,145,28,608,0,0,0,486,42,1390,17,0,0,4,0,0,0,0,0,0,0,0,0,0,0,0,0,0,0,0,0,0,0,6,0,0,0,0,96,0,0,0,0,0,0,0,26,0,0,89,0,4,8,0,0,0,0,1,0,0,3,141,0,422,0,0,0,12338,0,3,3,14,0,0,0,9,0,0,0,0,160,6,0,29,0,4,0,3,0,0,0,0,0,11,0,0,2,39,0,23,0,0,5,0,0,97,15,0,11,0,0,91,0,0,3,108,0,0,0,10,0,0,0,0,0,0,0,0,0,0,0,0,0,8,0,8,0,0,0,0,0,0,0,0,0,140,0,0,0,17,0,0,0,0,0,0,65,0,0,0,50,0,17,0,0,0,0,0,68,0,0,53,1,1,0,0,0,0,0,0,1,88,0,0,0,0,0,467,0,0,0,0,0,1,0,0,0,0,0,0,2,0,0,0,0,15,325,0,2,0,28,0,0,0,0,0,0,0,0,0,0,2,0,4,77,0,2874,0,27,0,0,0,0,0,12,0,0,0,214,54,0,0,1032,31,0,13,0,0,1337,0,2,0,0,0
"SRR9671530",3,0,54,10,278,0,0,121,12,1,0,4,32,0,0,0,0,92,20,2,0,3323,0,9,0,0,0,15,3,0,0,0,0,0,12,0,0,0,0,0,667,91,0,0,0,2,0,85,0,188,53,1651,0,0,0,998,0,3,248,0,0,3,0,0,0,0,0,58,0,0,0,0,0,48,0,0,0,0,0,2,0,27,0,0,0,0,449,0,4,0,0,0,0,0,0,0,0,160,2,32,51,0,0,0,0,0,0,0,8,254,0,196,0,0,0,374,0,0,19,0,6,0,0,576,0,64,0,0,1430,0,0,8,0,3,0,12,0,0,0,0,4478,0,70,0,73,125,0,148,0,0,5,0,0,138,99,0,7,0,110,832,58,0,21,0,0,0,8,0,2,0,0,0,0,0,31,0,7,0,0,0,0,20,6,0,0,0,0,6,0,0,0,0,0,704,0,0,0,27,0,0,1097,0,0,0,0,0,0,0,142,2,0,0,0,0,26,12,0,0,0,0,0,0,0,0,0,0,0,2,0,0,0,0,7,0,0,0,0,2,0,0,0,16,0,0,3,0,0,0,4,0,0,0,0,1,63,0,0,0,2275,0,5,2,0,0,0,0,0,0,0,6,0,0,64,0,194,0,15,0,64,2,0,0,45,0,10,0,67,69,0,0,329,118,0,348,0,11,7662,0,0,0,0,0
"SRR9671531",676,0,0,117,0,15,0,0,10,0,0,1944,1,0,0,0,2,75,40,0,0,4,0,2,0,0,0,0,0,0,0,0,0,9,0,0,0,0,0,0,781,17,0,0,0,0,0,391,0,31,44,21385,0,0,0,11,0,1,0,0,0,0,0,0,0,0,32,0,0,0,0,0,0,5,0,0,0,0,0,2,0,10,0,0,0,0,4,14,0,0,0,7,0,0,603,39,0,0,0,388,453,0,0,0,0,2681,0,0,517,1,0,550,0,0,0,27,0,0,324,0,0,6,0,1,0,0,0,0,1,2,0,0,1,19,0,22,0,0,0,0,1,30,0,0,287,75,22,0,0,0,2,0,0,984,45,0,0,0,0,0,0,0,1,0,0,0,0,27,5,0,0,0,0,11,7,0,0,0,0,0,0,0,0,1,8,0,0,0,0,0,0,0,2,13,0,0,0,0,2,0,0,0,0,0,0,0,2,1,6,0,0,0,0,0,4,0,0,4,0,0,0,10,0,0,0,0,0,27,1,0,0,0,10,0,0,0,0,0,0,0,0,30,0,5,0,0,0,0,0,0,93,0,0,8,2,0,1,0,1,0,0,1,0,800,0,0,0,9,0,40,0,15,203,0,3,0,2,0,0,0,0,0,38,0,0,285,0,397,0,0,0,4,0,4,0,0,1174,0,2,0,0,0
